url,html,tag_name,attributes,inner_text,is_visible,bounding_box,selector,suggested_action
https://www.automationexercise.com/,"<a href=""/""><img src=""/static/images/home/logo.png"" alt=""Website for automation practice""></a>",a,{'href': '/'},,True,"{'x': 61.818180084228516, 'y': 56.065338134765625, 'width': 262.9971580505371, 'height': 17.272727966308594}",#header > div:nth-child(1) > div:nth-child(1) > div:nth-child(1) > div:nth-child(1) > div:nth-child(1) > a:nth-child(1),click
https://www.automationexercise.com/,"<a href=""/"" style=""color: orange;""><i class=""fa fa-home""></i> Home</a>",a,"{'href': '/', 'style': 'color: orange;'}", Home,True,"{'x': 471.81817626953125, 'y': 29.999998092651367, 'width': 56.73297119140625, 'height': 20.000001907348633}",#header > div:nth-child(1) > div:nth-child(1) > div:nth-child(1) > div:nth-child(2) > div:nth-child(1) > ul:nth-child(1) > li:nth-child(1) > a:nth-child(1),click
https://www.automationexercise.com/,"<a href=""/products""><i class=""material-icons card_travel"" style=""font-size: 16px;""></i> Products</a>",a,{'href': '/products'}, Products,True,"{'x': 558.5510864257812, 'y': 29.999998092651367, 'width': 78.11083984375, 'height': 20.000001907348633}",#header > div:nth-child(1) > div:nth-child(1) > div:nth-child(1) > div:nth-child(2) > div:nth-child(1) > ul:nth-child(1) > li:nth-child(2) > a:nth-child(1),click
https://www.automationexercise.com/,"<a href=""/view_cart""><i class=""fa fa-shopping-cart""></i> Cart</a>",a,{'href': '/view_cart'}, Cart,True,"{'x': 666.6619262695312, 'y': 29.999998092651367, 'width': 45.553955078125, 'height': 20.000001907348633}",#header > div:nth-child(1) > div:nth-child(1) > div:nth-child(1) > div:nth-child(2) > div:nth-child(1) > ul:nth-child(1) > li:nth-child(3) > a:nth-child(1),click
https://www.automationexercise.com/,"<a href=""/login""><i class=""fa fa-lock""></i> Signup / Login</a>",a,{'href': '/login'}, Signup / Login,True,"{'x': 742.2158813476562, 'y': 29.999998092651367, 'width': 104.4886474609375, 'height': 20.000001907348633}",#header > div:nth-child(1) > div:nth-child(1) > div:nth-child(1) > div:nth-child(2) > div:nth-child(1) > ul:nth-child(1) > li:nth-child(4) > a:nth-child(1),click
https://www.automationexercise.com/,"<a href=""/test_cases""><i class=""fa fa-list""></i> Test Cases</a>",a,{'href': '/test_cases'}, Test Cases,True,"{'x': 876.7045288085938, 'y': 29.999998092651367, 'width': 88.3948974609375, 'height': 20.000001907348633}",#header > div:nth-child(1) > div:nth-child(1) > div:nth-child(1) > div:nth-child(2) > div:nth-child(1) > ul:nth-child(1) > li:nth-child(5) > a:nth-child(1),click
https://www.automationexercise.com/,"<a href=""/api_list""><i class=""fa fa-list""></i> API Testing</a>",a,{'href': '/api_list'}, API Testing,True,"{'x': 995.0994262695312, 'y': 29.999998092651367, 'width': 90.38348388671875, 'height': 20.000001907348633}",#header > div:nth-child(1) > div:nth-child(1) > div:nth-child(1) > div:nth-child(2) > div:nth-child(1) > ul:nth-child(1) > li:nth-child(6) > a:nth-child(1),click
https://www.automationexercise.com/,"<a href=""https://www.youtube.com/c/AutomationExercise""><i class=""fa fa-youtube-play""></i> Video Tutorials</a>",a,{'href': 'https://www.youtube.com/c/AutomationExercise'}, Video Tutorials,True,"{'x': 471.81817626953125, 'y': 59.999996185302734, 'width': 111.94598388671875, 'height': 20.000003814697266}",#header > div:nth-child(1) > div:nth-child(1) > div:nth-child(1) > div:nth-child(2) > div:nth-child(1) > ul:nth-child(1) > li:nth-child(7) > a:nth-child(1),click
https://www.automationexercise.com/,"<a href=""/contact_us""><i class=""fa fa-envelope""></i> Contact us</a>",a,{'href': '/contact_us'}, Contact us,True,"{'x': 613.76416015625, 'y': 59.999996185302734, 'width': 87.3721923828125, 'height': 20.000003814697266}",#header > div:nth-child(1) > div:nth-child(1) > div:nth-child(1) > div:nth-child(2) > div:nth-child(1) > ul:nth-child(1) > li:nth-child(8) > a:nth-child(1),click
https://www.automationexercise.com/,"<a href=""/test_cases"" class=""test_cases_list""><button type=""button"" class=""btn btn-success"">Test Cases</button></a>",a,"{'href': '/test_cases', 'class': 'test_cases_list'}",Test Cases,True,"{'x': 176.81817626953125, 'y': 479.7585144042969, 'width': 94.7301025390625, 'height': 17.272705078125}",#slider-carousel > div:nth-child(2) > div:nth-child(1) > div:nth-child(1) > a:nth-child(4),click
https://www.automationexercise.com/,"<a href=""/api_list"" class=""apis_list""><button type=""button"" class=""btn btn-success"">APIs list for practice</button></a>",a,"{'href': '/api_list', 'class': 'apis_list'}",APIs list for practice,True,"{'x': 275.0141906738281, 'y': 479.7585144042969, 'width': 151.33523559570312, 'height': 17.272705078125}",#slider-carousel > div:nth-child(2) > div:nth-child(1) > div:nth-child(1) > a:nth-child(5),click
https://www.automationexercise.com/,"<a href=""/test_cases"" class=""test_cases_list""><button type=""button"" class=""btn btn-success"">Test Cases</button></a>",a,"{'href': '/test_cases', 'class': 'test_cases_list'}",Test Cases,False,,#slider-carousel > div:nth-child(2) > div:nth-child(2) > div:nth-child(1) > a:nth-child(4),click
https://www.automationexercise.com/,"<a href=""/api_list"" class=""apis_list""><button type=""button"" class=""btn btn-success"">APIs list for practice</button></a>",a,"{'href': '/api_list', 'class': 'apis_list'}",APIs list for practice,False,,#slider-carousel > div:nth-child(2) > div:nth-child(2) > div:nth-child(1) > a:nth-child(5),click
https://www.automationexercise.com/,"<a href=""/test_cases"" class=""test_cases_list""><button type=""button"" class=""btn btn-success"">Test Cases</button></a>",a,"{'href': '/test_cases', 'class': 'test_cases_list'}",Test Cases,False,,#slider-carousel > div:nth-child(2) > div:nth-child(3) > div:nth-child(1) > a:nth-child(4),click
https://www.automationexercise.com/,"<a href=""/api_list"" class=""apis_list""><button type=""button"" class=""btn btn-success"">APIs list for practice</button></a>",a,"{'href': '/api_list', 'class': 'apis_list'}",APIs list for practice,False,,#slider-carousel > div:nth-child(2) > div:nth-child(3) > div:nth-child(1) > a:nth-child(5),click
https://www.automationexercise.com/,"<a href=""#slider-carousel"" class=""left control-carousel hidden-xs"" data-slide=""prev"">
							<i class=""fa fa-angle-left""></i>
						</a>",a,"{'href': '#slider-carousel', 'class': 'left control-carousel hidden-xs', 'data-slide': 'prev'}",,True,"{'x': 61.818180084228516, 'y': 353.4090881347656, 'width': 21.43465805053711, 'height': 85.710205078125}",#slider-carousel > a:nth-child(3),click
https://www.automationexercise.com/,"<a href=""#slider-carousel"" class=""right control-carousel hidden-xs"" data-slide=""next"">
							<i class=""fa fa-angle-right""></i>
						</a>",a,"{'href': '#slider-carousel', 'class': 'right control-carousel hidden-xs', 'data-slide': 'next'}",,True,"{'x': 1180.3834228515625, 'y': 353.4090881347656, 'width': 21.4346923828125, 'height': 85.710205078125}",#slider-carousel > a:nth-child(4),click
https://www.automationexercise.com/,"<a data-toggle=""collapse"" data-parent=""#accordian"" href=""#Women"">
											<span class=""badge pull-right""><i class=""fa fa-plus""></i></span>
											Women
										</a>",a,"{'data-toggle': 'collapse', 'data-parent': '#accordian', 'href': '#Women'}",WOMEN,True,"{'x': 82.7272720336914, 'y': 689.6022338867188, 'width': 52.28693389892578, 'height': 18.18182373046875}",#accordian > div:nth-child(1) > div:nth-child(1) > h4:nth-child(1) > a:nth-child(1),click
https://www.automationexercise.com/,"<a href=""/category_products/1"">Dress </a>",a,{'href': '/category_products/1'},Dress ,False,,#Women > div:nth-child(1) > ul:nth-child(1) > li:nth-child(1) > a:nth-child(1),click
https://www.automationexercise.com/,"<a href=""/category_products/2"">Tops </a>",a,{'href': '/category_products/2'},Tops ,False,,#Women > div:nth-child(1) > ul:nth-child(1) > li:nth-child(2) > a:nth-child(1),click
https://www.automationexercise.com/,"<a href=""/category_products/7"">Saree </a>",a,{'href': '/category_products/7'},Saree ,False,,#Women > div:nth-child(1) > ul:nth-child(1) > li:nth-child(3) > a:nth-child(1),click
https://www.automationexercise.com/,"<a data-toggle=""collapse"" data-parent=""#accordian"" href=""#Men"">
											<span class=""badge pull-right""><i class=""fa fa-plus""></i></span>
											Men
										</a>",a,"{'data-toggle': 'collapse', 'data-parent': '#accordian', 'href': '#Men'}",MEN,True,"{'x': 82.7272720336914, 'y': 722.1875, 'width': 30.340904235839844, 'height': 18.1817626953125}",#accordian > div:nth-child(2) > div:nth-child(1) > h4:nth-child(1) > a:nth-child(1),click
https://www.automationexercise.com/,"<a href=""/category_products/3"">Tshirts </a>",a,{'href': '/category_products/3'},Tshirts ,False,,#Men > div:nth-child(1) > ul:nth-child(1) > li:nth-child(1) > a:nth-child(1),click
https://www.automationexercise.com/,"<a href=""/category_products/6"">Jeans </a>",a,{'href': '/category_products/6'},Jeans ,False,,#Men > div:nth-child(1) > ul:nth-child(1) > li:nth-child(2) > a:nth-child(1),click
https://www.automationexercise.com/,"<a data-toggle=""collapse"" data-parent=""#accordian"" href=""#Kids"">
											<span class=""badge pull-right""><i class=""fa fa-plus""></i></span>
											Kids
										</a>",a,"{'data-toggle': 'collapse', 'data-parent': '#accordian', 'href': '#Kids'}",KIDS,True,"{'x': 82.7272720336914, 'y': 754.772705078125, 'width': 31.065338134765625, 'height': 18.18182373046875}",#accordian > div:nth-child(3) > div:nth-child(1) > h4:nth-child(1) > a:nth-child(1),click
https://www.automationexercise.com/,"<a href=""/category_products/4"">Dress </a>",a,{'href': '/category_products/4'},Dress ,False,,#Kids > div:nth-child(1) > ul:nth-child(1) > li:nth-child(1) > a:nth-child(1),click
https://www.automationexercise.com/,"<a href=""/category_products/5"">Tops &amp; Shirts </a>",a,{'href': '/category_products/5'},Tops & Shirts ,False,,#Kids > div:nth-child(1) > ul:nth-child(1) > li:nth-child(2) > a:nth-child(1),click
https://www.automationexercise.com/,"<a href=""/brand_products/Polo""> <span class=""pull-right"">(6)</span>Polo</a>",a,{'href': '/brand_products/Polo'},"(6)
POLO",True,"{'x': 62.727272033691406, 'y': 933.9630126953125, 'width': 260.6818161010742, 'height': 30}",html:nth-child(1) > body:nth-child(2) > section:nth-child(3) > div:nth-child(1) > div:nth-child(1) > div:nth-child(1) > div:nth-child(1) > div:nth-child(4) > div:nth-child(2) > ul:nth-child(1) > li:nth-child(1) > a:nth-child(1),click
https://www.automationexercise.com/,"<a href=""/brand_products/H&amp;M""> <span class=""pull-right"">(5)</span>H&amp;M</a>",a,{'href': '/brand_products/H&M'},"(5)
H&M",True,"{'x': 62.727272033691406, 'y': 965.95166015625, 'width': 260.6818161010742, 'height': 30}",html:nth-child(1) > body:nth-child(2) > section:nth-child(3) > div:nth-child(1) > div:nth-child(1) > div:nth-child(1) > div:nth-child(1) > div:nth-child(4) > div:nth-child(2) > ul:nth-child(1) > li:nth-child(2) > a:nth-child(1),click
https://www.automationexercise.com/,"<a href=""/brand_products/Madame""> <span class=""pull-right"">(5)</span>Madame</a>",a,{'href': '/brand_products/Madame'},"(5)
MADAME",True,"{'x': 62.727272033691406, 'y': 997.9403076171875, 'width': 260.6818161010742, 'height': 30}",html:nth-child(1) > body:nth-child(2) > section:nth-child(3) > div:nth-child(1) > div:nth-child(1) > div:nth-child(1) > div:nth-child(1) > div:nth-child(4) > div:nth-child(2) > ul:nth-child(1) > li:nth-child(3) > a:nth-child(1),click
https://www.automationexercise.com/,"<a href=""/brand_products/Mast &amp; Harbour""> <span class=""pull-right"">(3)</span>Mast &amp; Harbour</a>",a,{'href': '/brand_products/Mast & Harbour'},"(3)
MAST & HARBOUR",True,"{'x': 62.727272033691406, 'y': 1029.928955078125, 'width': 260.6818161010742, 'height': 30}",html:nth-child(1) > body:nth-child(2) > section:nth-child(3) > div:nth-child(1) > div:nth-child(1) > div:nth-child(1) > div:nth-child(1) > div:nth-child(4) > div:nth-child(2) > ul:nth-child(1) > li:nth-child(4) > a:nth-child(1),click
https://www.automationexercise.com/,"<a href=""/brand_products/Babyhug""> <span class=""pull-right"">(4)</span>Babyhug</a>",a,{'href': '/brand_products/Babyhug'},"(4)
BABYHUG",True,"{'x': 62.727272033691406, 'y': 1061.9176025390625, 'width': 260.6818161010742, 'height': 30}",html:nth-child(1) > body:nth-child(2) > section:nth-child(3) > div:nth-child(1) > div:nth-child(1) > div:nth-child(1) > div:nth-child(1) > div:nth-child(4) > div:nth-child(2) > ul:nth-child(1) > li:nth-child(5) > a:nth-child(1),click
https://www.automationexercise.com/,"<a href=""/brand_products/Allen Solly Junior""> <span class=""pull-right"">(3)</span>Allen Solly Junior</a>",a,{'href': '/brand_products/Allen Solly Junior'},"(3)
ALLEN SOLLY JUNIOR",True,"{'x': 62.727272033691406, 'y': 1093.90625, 'width': 260.6818161010742, 'height': 30}",html:nth-child(1) > body:nth-child(2) > section:nth-child(3) > div:nth-child(1) > div:nth-child(1) > div:nth-child(1) > div:nth-child(1) > div:nth-child(4) > div:nth-child(2) > ul:nth-child(1) > li:nth-child(6) > a:nth-child(1),click
https://www.automationexercise.com/,"<a href=""/brand_products/Kookie Kids""> <span class=""pull-right"">(3)</span>Kookie Kids</a>",a,{'href': '/brand_products/Kookie Kids'},"(3)
KOOKIE KIDS",True,"{'x': 62.727272033691406, 'y': 1125.8948974609375, 'width': 260.6818161010742, 'height': 30}",html:nth-child(1) > body:nth-child(2) > section:nth-child(3) > div:nth-child(1) > div:nth-child(1) > div:nth-child(1) > div:nth-child(1) > div:nth-child(4) > div:nth-child(2) > ul:nth-child(1) > li:nth-child(7) > a:nth-child(1),click
https://www.automationexercise.com/,"<a href=""/brand_products/Biba""> <span class=""pull-right"">(5)</span>Biba</a>",a,{'href': '/brand_products/Biba'},"(5)
BIBA",True,"{'x': 62.727272033691406, 'y': 1157.8834228515625, 'width': 260.6818161010742, 'height': 30}",html:nth-child(1) > body:nth-child(2) > section:nth-child(3) > div:nth-child(1) > div:nth-child(1) > div:nth-child(1) > div:nth-child(1) > div:nth-child(4) > div:nth-child(2) > ul:nth-child(1) > li:nth-child(8) > a:nth-child(1),click
https://www.automationexercise.com/,"<a href=""/view_cart""><u>View Cart</u></a>",a,{'href': '/view_cart'},View Cart,False,,#cartModal > div:nth-child(1) > div:nth-child(1) > div:nth-child(2) > p:nth-child(2) > a:nth-child(1),click
https://www.automationexercise.com/,"<a href=""/product_details/1"" style=""color: brown;""><i class=""fa fa-plus-square""></i>View Product</a>",a,"{'href': '/product_details/1', 'style': 'color: brown;'}",View Product,True,"{'x': 373.8636169433594, 'y': 1049.7442626953125, 'width': 248.39486694335938, 'height': 38.5653076171875}",html:nth-child(1) > body:nth-child(2) > section:nth-child(3) > div:nth-child(1) > div:nth-child(1) > div:nth-child(2) > div:nth-child(1) > div:nth-child(3) > div:nth-child(1) > div:nth-child(2) > ul:nth-child(1) > li:nth-child(1) > a:nth-child(1),click
https://www.automationexercise.com/,"<a href=""/product_details/2"" style=""color: brown;""><i class=""fa fa-plus-square""></i>View Product</a>",a,"{'href': '/product_details/2', 'style': 'color: brown;'}",View Product,True,"{'x': 661.3494262695312, 'y': 1049.7442626953125, 'width': 248.39483642578125, 'height': 38.5653076171875}",html:nth-child(1) > body:nth-child(2) > section:nth-child(3) > div:nth-child(1) > div:nth-child(1) > div:nth-child(2) > div:nth-child(1) > div:nth-child(4) > div:nth-child(1) > div:nth-child(2) > ul:nth-child(1) > li:nth-child(1) > a:nth-child(1),click
https://www.automationexercise.com/,"<a href=""/product_details/3"" style=""color: brown;""><i class=""fa fa-plus-square""></i>View Product</a>",a,"{'href': '/product_details/3', 'style': 'color: brown;'}",View Product,True,"{'x': 948.835205078125, 'y': 1049.7442626953125, 'width': 248.3948974609375, 'height': 38.5653076171875}",html:nth-child(1) > body:nth-child(2) > section:nth-child(3) > div:nth-child(1) > div:nth-child(1) > div:nth-child(2) > div:nth-child(1) > div:nth-child(5) > div:nth-child(1) > div:nth-child(2) > ul:nth-child(1) > li:nth-child(1) > a:nth-child(1),click
https://www.automationexercise.com/,"<a href=""/product_details/4"" style=""color: brown;""><i class=""fa fa-plus-square""></i>View Product</a>",a,"{'href': '/product_details/4', 'style': 'color: brown;'}",View Product,True,"{'x': 373.8636169433594, 'y': 1503.90625, 'width': 248.39486694335938, 'height': 38.5653076171875}",html:nth-child(1) > body:nth-child(2) > section:nth-child(3) > div:nth-child(1) > div:nth-child(1) > div:nth-child(2) > div:nth-child(1) > div:nth-child(6) > div:nth-child(1) > div:nth-child(2) > ul:nth-child(1) > li:nth-child(1) > a:nth-child(1),click
https://www.automationexercise.com/,"<a href=""/product_details/5"" style=""color: brown;""><i class=""fa fa-plus-square""></i>View Product</a>",a,"{'href': '/product_details/5', 'style': 'color: brown;'}",View Product,True,"{'x': 661.3494262695312, 'y': 1503.90625, 'width': 248.39483642578125, 'height': 38.5653076171875}",html:nth-child(1) > body:nth-child(2) > section:nth-child(3) > div:nth-child(1) > div:nth-child(1) > div:nth-child(2) > div:nth-child(1) > div:nth-child(7) > div:nth-child(1) > div:nth-child(2) > ul:nth-child(1) > li:nth-child(1) > a:nth-child(1),click
https://www.automationexercise.com/,"<a href=""/product_details/6"" style=""color: brown;""><i class=""fa fa-plus-square""></i>View Product</a>",a,"{'href': '/product_details/6', 'style': 'color: brown;'}",View Product,True,"{'x': 948.835205078125, 'y': 1503.90625, 'width': 248.3948974609375, 'height': 38.5653076171875}",html:nth-child(1) > body:nth-child(2) > section:nth-child(3) > div:nth-child(1) > div:nth-child(1) > div:nth-child(2) > div:nth-child(1) > div:nth-child(8) > div:nth-child(1) > div:nth-child(2) > ul:nth-child(1) > li:nth-child(1) > a:nth-child(1),click
https://www.automationexercise.com/,"<a href=""/product_details/7"" style=""color: brown;""><i class=""fa fa-plus-square""></i>View Product</a>",a,"{'href': '/product_details/7', 'style': 'color: brown;'}",View Product,True,"{'x': 373.8636169433594, 'y': 2099.6875, 'width': 248.39486694335938, 'height': 38.565185546875}",html:nth-child(1) > body:nth-child(2) > section:nth-child(3) > div:nth-child(1) > div:nth-child(1) > div:nth-child(2) > div:nth-child(1) > div:nth-child(9) > div:nth-child(1) > div:nth-child(2) > ul:nth-child(1) > li:nth-child(1) > a:nth-child(1),click
https://www.automationexercise.com/,"<a href=""/product_details/8"" style=""color: brown;""><i class=""fa fa-plus-square""></i>View Product</a>",a,"{'href': '/product_details/8', 'style': 'color: brown;'}",View Product,True,"{'x': 661.3494262695312, 'y': 1748.13916015625, 'width': 248.39483642578125, 'height': 38.5653076171875}",html:nth-child(1) > body:nth-child(2) > section:nth-child(3) > div:nth-child(1) > div:nth-child(1) > div:nth-child(2) > div:nth-child(1) > div:nth-child(10) > div:nth-child(1) > div:nth-child(2) > ul:nth-child(1) > li:nth-child(1) > a:nth-child(1),click
https://www.automationexercise.com/,"<a href=""/product_details/11"" style=""color: brown;""><i class=""fa fa-plus-square""></i>View Product</a>",a,"{'href': '/product_details/11', 'style': 'color: brown;'}",View Product,True,"{'x': 948.835205078125, 'y': 2028.3095703125, 'width': 248.3948974609375, 'height': 38.5654296875}",html:nth-child(1) > body:nth-child(2) > section:nth-child(3) > div:nth-child(1) > div:nth-child(1) > div:nth-child(2) > div:nth-child(1) > div:nth-child(11) > div:nth-child(1) > div:nth-child(2) > ul:nth-child(1) > li:nth-child(1) > a:nth-child(1),click
https://www.automationexercise.com/,"<a href=""/product_details/12"" style=""color: brown;""><i class=""fa fa-plus-square""></i>View Product</a>",a,"{'href': '/product_details/12', 'style': 'color: brown;'}",View Product,True,"{'x': 661.3494262695312, 'y': 2552.8125, 'width': 248.39483642578125, 'height': 38.565185546875}",html:nth-child(1) > body:nth-child(2) > section:nth-child(3) > div:nth-child(1) > div:nth-child(1) > div:nth-child(2) > div:nth-child(1) > div:nth-child(12) > div:nth-child(1) > div:nth-child(2) > ul:nth-child(1) > li:nth-child(1) > a:nth-child(1),click
https://www.automationexercise.com/,"<a href=""/product_details/13"" style=""color: brown;""><i class=""fa fa-plus-square""></i>View Product</a>",a,"{'href': '/product_details/13', 'style': 'color: brown;'}",View Product,True,"{'x': 948.835205078125, 'y': 2579.5595703125, 'width': 248.3948974609375, 'height': 38.5654296875}",html:nth-child(1) > body:nth-child(2) > section:nth-child(3) > div:nth-child(1) > div:nth-child(1) > div:nth-child(2) > div:nth-child(1) > div:nth-child(13) > div:nth-child(1) > div:nth-child(2) > ul:nth-child(1) > li:nth-child(1) > a:nth-child(1),click
https://www.automationexercise.com/,"<a href=""/product_details/14"" style=""color: brown;""><i class=""fa fa-plus-square""></i>View Product</a>",a,"{'href': '/product_details/14', 'style': 'color: brown;'}",View Product,True,"{'x': 373.8636169433594, 'y': 3104.0625, 'width': 248.39486694335938, 'height': 38.565185546875}",html:nth-child(1) > body:nth-child(2) > section:nth-child(3) > div:nth-child(1) > div:nth-child(1) > div:nth-child(2) > div:nth-child(1) > div:nth-child(14) > div:nth-child(1) > div:nth-child(2) > ul:nth-child(1) > li:nth-child(1) > a:nth-child(1),click
https://www.automationexercise.com/,"<a href=""/product_details/15"" style=""color: brown;""><i class=""fa fa-plus-square""></i>View Product</a>",a,"{'href': '/product_details/15', 'style': 'color: brown;'}",View Product,True,"{'x': 661.3494262695312, 'y': 3104.0625, 'width': 248.39483642578125, 'height': 38.565185546875}",html:nth-child(1) > body:nth-child(2) > section:nth-child(3) > div:nth-child(1) > div:nth-child(1) > div:nth-child(2) > div:nth-child(1) > div:nth-child(15) > div:nth-child(1) > div:nth-child(2) > ul:nth-child(1) > li:nth-child(1) > a:nth-child(1),click
https://www.automationexercise.com/,"<a href=""/product_details/16"" style=""color: brown;""><i class=""fa fa-plus-square""></i>View Product</a>",a,"{'href': '/product_details/16', 'style': 'color: brown;'}",View Product,True,"{'x': 948.835205078125, 'y': 3104.0625, 'width': 248.3948974609375, 'height': 38.565185546875}",html:nth-child(1) > body:nth-child(2) > section:nth-child(3) > div:nth-child(1) > div:nth-child(1) > div:nth-child(2) > div:nth-child(1) > div:nth-child(16) > div:nth-child(1) > div:nth-child(2) > ul:nth-child(1) > li:nth-child(1) > a:nth-child(1),click
https://www.automationexercise.com/,"<a href=""/product_details/18"" style=""color: brown;""><i class=""fa fa-plus-square""></i>View Product</a>",a,"{'href': '/product_details/18', 'style': 'color: brown;'}",View Product,True,"{'x': 373.8636169433594, 'y': 3608.096435546875, 'width': 248.39486694335938, 'height': 38.5654296875}",html:nth-child(1) > body:nth-child(2) > section:nth-child(3) > div:nth-child(1) > div:nth-child(1) > div:nth-child(2) > div:nth-child(1) > div:nth-child(17) > div:nth-child(1) > div:nth-child(2) > ul:nth-child(1) > li:nth-child(1) > a:nth-child(1),click
https://www.automationexercise.com/,"<a href=""/product_details/19"" style=""color: brown;""><i class=""fa fa-plus-square""></i>View Product</a>",a,"{'href': '/product_details/19', 'style': 'color: brown;'}",View Product,True,"{'x': 661.3494262695312, 'y': 3628.565185546875, 'width': 248.39483642578125, 'height': 38.5654296875}",html:nth-child(1) > body:nth-child(2) > section:nth-child(3) > div:nth-child(1) > div:nth-child(1) > div:nth-child(2) > div:nth-child(1) > div:nth-child(18) > div:nth-child(1) > div:nth-child(2) > ul:nth-child(1) > li:nth-child(1) > a:nth-child(1),click
https://www.automationexercise.com/,"<a href=""/product_details/20"" style=""color: brown;""><i class=""fa fa-plus-square""></i>View Product</a>",a,"{'href': '/product_details/20', 'style': 'color: brown;'}",View Product,True,"{'x': 948.835205078125, 'y': 3642.968505859375, 'width': 248.3948974609375, 'height': 38.5654296875}",html:nth-child(1) > body:nth-child(2) > section:nth-child(3) > div:nth-child(1) > div:nth-child(1) > div:nth-child(2) > div:nth-child(1) > div:nth-child(19) > div:nth-child(1) > div:nth-child(2) > ul:nth-child(1) > li:nth-child(1) > a:nth-child(1),click
https://www.automationexercise.com/,"<a href=""/product_details/21"" style=""color: brown;""><i class=""fa fa-plus-square""></i>View Product</a>",a,"{'href': '/product_details/21', 'style': 'color: brown;'}",View Product,True,"{'x': 373.8636169433594, 'y': 4238.9345703125, 'width': 248.39486694335938, 'height': 38.5654296875}",html:nth-child(1) > body:nth-child(2) > section:nth-child(3) > div:nth-child(1) > div:nth-child(1) > div:nth-child(2) > div:nth-child(1) > div:nth-child(20) > div:nth-child(1) > div:nth-child(2) > ul:nth-child(1) > li:nth-child(1) > a:nth-child(1),click
https://www.automationexercise.com/,"<a href=""/product_details/22"" style=""color: brown;""><i class=""fa fa-plus-square""></i>View Product</a>",a,"{'href': '/product_details/22', 'style': 'color: brown;'}",View Product,True,"{'x': 661.3494262695312, 'y': 4134.744140625, 'width': 248.39483642578125, 'height': 38.5654296875}",html:nth-child(1) > body:nth-child(2) > section:nth-child(3) > div:nth-child(1) > div:nth-child(1) > div:nth-child(2) > div:nth-child(1) > div:nth-child(21) > div:nth-child(1) > div:nth-child(2) > ul:nth-child(1) > li:nth-child(1) > a:nth-child(1),click
https://www.automationexercise.com/,"<a href=""/product_details/23"" style=""color: brown;""><i class=""fa fa-plus-square""></i>View Product</a>",a,"{'href': '/product_details/23', 'style': 'color: brown;'}",View Product,True,"{'x': 948.835205078125, 'y': 3907.20166015625, 'width': 248.3948974609375, 'height': 38.565185546875}",html:nth-child(1) > body:nth-child(2) > section:nth-child(3) > div:nth-child(1) > div:nth-child(1) > div:nth-child(2) > div:nth-child(1) > div:nth-child(22) > div:nth-child(1) > div:nth-child(2) > ul:nth-child(1) > li:nth-child(1) > a:nth-child(1),click
https://www.automationexercise.com/,"<a href=""/product_details/24"" style=""color: brown;""><i class=""fa fa-plus-square""></i>View Product</a>",a,"{'href': '/product_details/24', 'style': 'color: brown;'}",View Product,True,"{'x': 948.835205078125, 'y': 4378.97705078125, 'width': 248.3948974609375, 'height': 38.5654296875}",html:nth-child(1) > body:nth-child(2) > section:nth-child(3) > div:nth-child(1) > div:nth-child(1) > div:nth-child(2) > div:nth-child(1) > div:nth-child(23) > div:nth-child(1) > div:nth-child(2) > ul:nth-child(1) > li:nth-child(1) > a:nth-child(1),click
https://www.automationexercise.com/,"<a href=""/product_details/28"" style=""color: brown;""><i class=""fa fa-plus-square""></i>View Product</a>",a,"{'href': '/product_details/28', 'style': 'color: brown;'}",View Product,True,"{'x': 373.8636169433594, 'y': 4925.43994140625, 'width': 248.39486694335938, 'height': 38.5654296875}",html:nth-child(1) > body:nth-child(2) > section:nth-child(3) > div:nth-child(1) > div:nth-child(1) > div:nth-child(2) > div:nth-child(1) > div:nth-child(24) > div:nth-child(1) > div:nth-child(2) > ul:nth-child(1) > li:nth-child(1) > a:nth-child(1),click
https://www.automationexercise.com/,"<a href=""/product_details/29"" style=""color: brown;""><i class=""fa fa-plus-square""></i>View Product</a>",a,"{'href': '/product_details/29', 'style': 'color: brown;'}",View Product,True,"{'x': 661.3494262695312, 'y': 4933.55078125, 'width': 248.39483642578125, 'height': 38.5654296875}",html:nth-child(1) > body:nth-child(2) > section:nth-child(3) > div:nth-child(1) > div:nth-child(1) > div:nth-child(2) > div:nth-child(1) > div:nth-child(25) > div:nth-child(1) > div:nth-child(2) > ul:nth-child(1) > li:nth-child(1) > a:nth-child(1),click
https://www.automationexercise.com/,"<a href=""/product_details/30"" style=""color: brown;""><i class=""fa fa-plus-square""></i>View Product</a>",a,"{'href': '/product_details/30', 'style': 'color: brown;'}",View Product,True,"{'x': 948.835205078125, 'y': 4622.35791015625, 'width': 248.3948974609375, 'height': 38.5654296875}",html:nth-child(1) > body:nth-child(2) > section:nth-child(3) > div:nth-child(1) > div:nth-child(1) > div:nth-child(2) > div:nth-child(1) > div:nth-child(26) > div:nth-child(1) > div:nth-child(2) > ul:nth-child(1) > li:nth-child(1) > a:nth-child(1),click
https://www.automationexercise.com/,"<a href=""/product_details/31"" style=""color: brown;""><i class=""fa fa-plus-square""></i>View Product</a>",a,"{'href': '/product_details/31', 'style': 'color: brown;'}",View Product,True,"{'x': 948.835205078125, 'y': 4865.73828125, 'width': 248.3948974609375, 'height': 38.5654296875}",html:nth-child(1) > body:nth-child(2) > section:nth-child(3) > div:nth-child(1) > div:nth-child(1) > div:nth-child(2) > div:nth-child(1) > div:nth-child(27) > div:nth-child(1) > div:nth-child(2) > ul:nth-child(1) > li:nth-child(1) > a:nth-child(1),click
https://www.automationexercise.com/,"<a href=""/product_details/33"" style=""color: brown;""><i class=""fa fa-plus-square""></i>View Product</a>",a,"{'href': '/product_details/33', 'style': 'color: brown;'}",View Product,True,"{'x': 948.835205078125, 'y': 5109.119140625, 'width': 248.3948974609375, 'height': 38.5654296875}",html:nth-child(1) > body:nth-child(2) > section:nth-child(3) > div:nth-child(1) > div:nth-child(1) > div:nth-child(2) > div:nth-child(1) > div:nth-child(28) > div:nth-child(1) > div:nth-child(2) > ul:nth-child(1) > li:nth-child(1) > a:nth-child(1),click
https://www.automationexercise.com/,"<a href=""/product_details/35"" style=""color: brown;""><i class=""fa fa-plus-square""></i>View Product</a>",a,"{'href': '/product_details/35', 'style': 'color: brown;'}",View Product,True,"{'x': 373.8636169433594, 'y': 5352.5, 'width': 248.39486694335938, 'height': 38.56494140625}",html:nth-child(1) > body:nth-child(2) > section:nth-child(3) > div:nth-child(1) > div:nth-child(1) > div:nth-child(2) > div:nth-child(1) > div:nth-child(29) > div:nth-child(1) > div:nth-child(2) > ul:nth-child(1) > li:nth-child(1) > a:nth-child(1),click
https://www.automationexercise.com/,"<a href=""/product_details/37"" style=""color: brown;""><i class=""fa fa-plus-square""></i>View Product</a>",a,"{'href': '/product_details/37', 'style': 'color: brown;'}",View Product,True,"{'x': 661.3494262695312, 'y': 5352.5, 'width': 248.39483642578125, 'height': 38.56494140625}",html:nth-child(1) > body:nth-child(2) > section:nth-child(3) > div:nth-child(1) > div:nth-child(1) > div:nth-child(2) > div:nth-child(1) > div:nth-child(30) > div:nth-child(1) > div:nth-child(2) > ul:nth-child(1) > li:nth-child(1) > a:nth-child(1),click
https://www.automationexercise.com/,"<a href=""/product_details/38"" style=""color: brown;""><i class=""fa fa-plus-square""></i>View Product</a>",a,"{'href': '/product_details/38', 'style': 'color: brown;'}",View Product,True,"{'x': 948.835205078125, 'y': 5352.5, 'width': 248.3948974609375, 'height': 38.56494140625}",html:nth-child(1) > body:nth-child(2) > section:nth-child(3) > div:nth-child(1) > div:nth-child(1) > div:nth-child(2) > div:nth-child(1) > div:nth-child(31) > div:nth-child(1) > div:nth-child(2) > ul:nth-child(1) > li:nth-child(1) > a:nth-child(1),click
https://www.automationexercise.com/,"<a href=""/product_details/39"" style=""color: brown;""><i class=""fa fa-plus-square""></i>View Product</a>",a,"{'href': '/product_details/39', 'style': 'color: brown;'}",View Product,True,"{'x': 373.8636169433594, 'y': 5595.88037109375, 'width': 248.39486694335938, 'height': 38.5654296875}",html:nth-child(1) > body:nth-child(2) > section:nth-child(3) > div:nth-child(1) > div:nth-child(1) > div:nth-child(2) > div:nth-child(1) > div:nth-child(32) > div:nth-child(1) > div:nth-child(2) > ul:nth-child(1) > li:nth-child(1) > a:nth-child(1),click
https://www.automationexercise.com/,"<a href=""/product_details/40"" style=""color: brown;""><i class=""fa fa-plus-square""></i>View Product</a>",a,"{'href': '/product_details/40', 'style': 'color: brown;'}",View Product,True,"{'x': 661.3494262695312, 'y': 5595.88037109375, 'width': 248.39483642578125, 'height': 38.5654296875}",html:nth-child(1) > body:nth-child(2) > section:nth-child(3) > div:nth-child(1) > div:nth-child(1) > div:nth-child(2) > div:nth-child(1) > div:nth-child(33) > div:nth-child(1) > div:nth-child(2) > ul:nth-child(1) > li:nth-child(1) > a:nth-child(1),click
https://www.automationexercise.com/,"<a href=""/product_details/41"" style=""color: brown;""><i class=""fa fa-plus-square""></i>View Product</a>",a,"{'href': '/product_details/41', 'style': 'color: brown;'}",View Product,True,"{'x': 948.835205078125, 'y': 5615.88037109375, 'width': 248.3948974609375, 'height': 38.5654296875}",html:nth-child(1) > body:nth-child(2) > section:nth-child(3) > div:nth-child(1) > div:nth-child(1) > div:nth-child(2) > div:nth-child(1) > div:nth-child(34) > div:nth-child(1) > div:nth-child(2) > ul:nth-child(1) > li:nth-child(1) > a:nth-child(1),click
https://www.automationexercise.com/,"<a href=""/product_details/42"" style=""color: brown;""><i class=""fa fa-plus-square""></i>View Product</a>",a,"{'href': '/product_details/42', 'style': 'color: brown;'}",View Product,True,"{'x': 373.8636169433594, 'y': 5859.26123046875, 'width': 248.39486694335938, 'height': 38.5654296875}",html:nth-child(1) > body:nth-child(2) > section:nth-child(3) > div:nth-child(1) > div:nth-child(1) > div:nth-child(2) > div:nth-child(1) > div:nth-child(35) > div:nth-child(1) > div:nth-child(2) > ul:nth-child(1) > li:nth-child(1) > a:nth-child(1),click
https://www.automationexercise.com/,"<a href=""/product_details/43"" style=""color: brown;""><i class=""fa fa-plus-square""></i>View Product</a>",a,"{'href': '/product_details/43', 'style': 'color: brown;'}",View Product,True,"{'x': 661.3494262695312, 'y': 5859.26123046875, 'width': 248.39483642578125, 'height': 38.5654296875}",html:nth-child(1) > body:nth-child(2) > section:nth-child(3) > div:nth-child(1) > div:nth-child(1) > div:nth-child(2) > div:nth-child(1) > div:nth-child(36) > div:nth-child(1) > div:nth-child(2) > ul:nth-child(1) > li:nth-child(1) > a:nth-child(1),click
https://www.automationexercise.com/,"<a class=""left recommended-item-control"" href=""#recommended-item-carousel"" data-slide=""prev"">
								<i class=""fa fa-angle-left""></i>
							  </a>",a,"{'class': 'left recommended-item-control', 'href': '#recommended-item-carousel', 'data-slide': 'prev'}",,True,"{'x': 354.31817626953125, 'y': 6152.98291015625, 'width': 27.144866943359375, 'height': 27.98291015625}",#recommended-item-carousel > a:nth-child(2),click
https://www.automationexercise.com/,"<a class=""right recommended-item-control"" href=""#recommended-item-carousel"" data-slide=""next"">
								<i class=""fa fa-angle-right""></i>
							  </a>",a,"{'class': 'right recommended-item-control', 'href': '#recommended-item-carousel', 'data-slide': 'next'}",,True,"{'x': 1189.6732177734375, 'y': 6152.98291015625, 'width': 27.1448974609375, 'height': 27.98291015625}",#recommended-item-carousel > a:nth-child(3),click
https://www.automationexercise.com/,"<a id=""scrollUp"" href=""#top"" style=""display: none; position: fixed; z-index: 2147483647;""><i class=""fa fa-angle-up""></i></a>",a,"{'id': 'scrollUp', 'href': '#top', 'style': 'display: none; position: fixed; z-index: 2147483647;'}",,False,,#scrollUp,click
https://www.automationexercise.com/,"<button type=""button"" class=""btn btn-success"">Test Cases</button>",button,"{'type': 'button', 'class': 'btn btn-success'}",Test Cases,True,"{'x': 176.81817626953125, 'y': 472.79827880859375, 'width': 94.7301025390625, 'height': 33.80682373046875}",#slider-carousel > div:nth-child(2) > div:nth-child(1) > div:nth-child(1) > a:nth-child(4) > button:nth-child(1),click
https://www.automationexercise.com/,"<button type=""button"" class=""btn btn-success"">APIs list for practice</button>",button,"{'type': 'button', 'class': 'btn btn-success'}",APIs list for practice,True,"{'x': 275.0141906738281, 'y': 472.79827880859375, 'width': 151.33523559570312, 'height': 33.80682373046875}",#slider-carousel > div:nth-child(2) > div:nth-child(1) > div:nth-child(1) > a:nth-child(5) > button:nth-child(1),click
https://www.automationexercise.com/,"<button type=""button"" class=""btn btn-success"">Test Cases</button>",button,"{'type': 'button', 'class': 'btn btn-success'}",Test Cases,False,,#slider-carousel > div:nth-child(2) > div:nth-child(2) > div:nth-child(1) > a:nth-child(4) > button:nth-child(1),click
https://www.automationexercise.com/,"<button type=""button"" class=""btn btn-success"">APIs list for practice</button>",button,"{'type': 'button', 'class': 'btn btn-success'}",APIs list for practice,False,,#slider-carousel > div:nth-child(2) > div:nth-child(2) > div:nth-child(1) > a:nth-child(5) > button:nth-child(1),click
https://www.automationexercise.com/,"<button type=""button"" class=""btn btn-success"">Test Cases</button>",button,"{'type': 'button', 'class': 'btn btn-success'}",Test Cases,False,,#slider-carousel > div:nth-child(2) > div:nth-child(3) > div:nth-child(1) > a:nth-child(4) > button:nth-child(1),click
https://www.automationexercise.com/,"<button type=""button"" class=""btn btn-success"">APIs list for practice</button>",button,"{'type': 'button', 'class': 'btn btn-success'}",APIs list for practice,False,,#slider-carousel > div:nth-child(2) > div:nth-child(3) > div:nth-child(1) > a:nth-child(5) > button:nth-child(1),click
https://www.automationexercise.com/,"<button class=""btn btn-success close-modal btn-block"" data-dismiss=""modal"">Continue Shopping</button>",button,"{'class': 'btn btn-success close-modal btn-block', 'data-dismiss': 'modal'}",Continue Shopping,False,,#cartModal > div:nth-child(1) > div:nth-child(1) > div:nth-child(3) > button:nth-child(1),click
https://www.automationexercise.com/,"<button type=""submit"" id=""subscribe"" class=""btn btn-default""><i class=""fa fa-arrow-circle-o-right""></i></button>",button,"{'type': 'submit', 'id': 'subscribe', 'class': 'btn btn-default'}",,True,"{'x': 369.772705078125, 'y': 7063.66455078125, 'width': 51.122161865234375, 'height': 35.79541015625}",#subscribe,click
https://www.automationexercise.com/,"<form class=""searchform"" method=""POST"">
								<input type=""hidden"" name=""csrfmiddlewaretoken"" value=""zfCz6JVdSqZd8trVISqQl9UgAB5gmMcps36d4S168Cp3FrAMD5tiLuen0XtpmRdP"">
								<input type=""email"" id=""susbscribe_email"" required="""" placeholder=""Your email address"">
								<button type=""submit"" id=""subscribe"" class=""btn btn-default""><i class=""fa fa-arrow-circle-o-right""></i></button>
								<p>Get the most recent updates from <br>our site and be updated your self...</p>
							</form>",form,"{'class': 'searchform', 'method': 'POST'}"," 

Get the most recent updates from
our site and be updated your self...",True,"{'x': 159.31817626953125, 'y': 7064.31787109375, 'width': 262.5, 'height': 100.78125}",#footer > div:nth-child(1) > div:nth-child(1) > div:nth-child(1) > div:nth-child(2) > div:nth-child(1) > form:nth-child(2),submit
https://www.automationexercise.com/,"<input type=""hidden"" name=""csrfmiddlewaretoken"" value=""zfCz6JVdSqZd8trVISqQl9UgAB5gmMcps36d4S168Cp3FrAMD5tiLuen0XtpmRdP"">",input,"{'type': 'hidden', 'name': 'csrfmiddlewaretoken', 'value': 'zfCz6JVdSqZd8trVISqQl9UgAB5gmMcps36d4S168Cp3FrAMD5tiLuen0XtpmRdP'}",,False,,#footer > div:nth-child(1) > div:nth-child(1) > div:nth-child(1) > div:nth-child(2) > div:nth-child(1) > form:nth-child(2) > input:nth-child(1),type
https://www.automationexercise.com/,"<input type=""email"" id=""susbscribe_email"" required="""" placeholder=""Your email address"">",input,"{'type': 'email', 'id': 'susbscribe_email', 'required': '', 'placeholder': 'Your email address'}",,True,"{'x': 159.31817626953125, 'y': 7064.31787109375, 'width': 211.98861694335938, 'height': 35.78125}",#susbscribe_email,type
