url,site_category,tag_name,attributes,inner_text,is_visible,bounding_box,selector,aria_role,aria_label,classes,id,is_clickable,has_hover,text_length,child_elements,parent_tag
https://css-tricks.com/,content,p,{},"I’m more thankful this time around because, last year, I didn’t even get to write this post. But now that I’m back, writing this feels so, so, so good. There’s a lot more gusto going into my writing when I say: thank you so very much! Let’s tie a bow on this year and round up what happened around here in 2024.",True,"{'x': 679.8153076171875, 'y': 305.1988525390625, 'width': 487.82666015625, 'height': 195.85226440429688}",article#post-383295 > div:nth-of-type(2) > div > p,,,,,True,False,311,0,div
https://css-tricks.com/,content,p,{},"2024 has been one of the greatest years for CSS: cross-document view transitions, scroll-driven animations, anchor positioning, animate to height: […]",True,"{'x': 399.84375, 'y': 1243.60791015625, 'width': 443.7926025390625, 'height': 81.5625}",article#post-383249 > div:nth-of-type(2) > div > p,,,,,True,False,150,0,div
https://css-tricks.com/,content,p,{},"Today, I want to focus on what I’ll call the little triangle in the tooltip. It receives minimal attention but it amazes you by how many ways there are to make them. Let’s start with the simplest and make our way up to the not-so-simple.",True,"{'x': 399.84375, 'y': 1606.6051025390625, 'width': 443.7926025390625, 'height': 108.75}",article#post-383224 > div:nth-of-type(2) > div > p,,,,,True,False,237,0,div
https://css-tricks.com/,content,p,{},"When was the last time you developed a multi-step form? There’s so much to think about and so many moving pieces that need to be managed. But doing it by hand can be a good exercise and a great way to polish the basics. Fatuma Abdullaho walks you through her first multi-step form using vanilla HTML, CSS, and JavaScript.",True,"{'x': 399.84375, 'y': 2038.5794677734375, 'width': 443.7926025390625, 'height': 163.1248779296875}",article#post-382857 > div:nth-of-type(2) > div > p,,,,,True,False,321,0,div
https://css-tricks.com/,content,p,{},"What else do we want or need CSS to do? Chris kept a CSS wishlist, going back as far as 2013 and following back up on it in 2019. We all have things we’d like to see CSS do and we always will no matter how many sparkly new features we get. We’ll round things up and put a list together — so let us know!",True,"{'x': 399.84375, 'y': 2470.66748046875, 'width': 443.7926025390625, 'height': 135.9375}",article#post-383250 > div:nth-of-type(2) > div > p,,,,,True,False,303,0,div
https://css-tricks.com/,content,p,{},How much attention do you pay to the alignments of your subscripts and superscripts? Lorenz Wöehr has you covered with a recipe for fluid scaling.,True,"{'x': 399.84375, 'y': 2875.568115234375, 'width': 443.7926025390625, 'height': 81.5625}",article#post-382867 > div:nth-of-type(2) > div > p,,,,,True,False,146,0,div
https://css-tricks.com/,content,p,{},"One day I’d love to publish a note in one of the CSS specs that’s like this one I found for interpolate-size: NOTE: If we had a time machine, this property wouldn’t need to exist.",True,"{'x': 931.6334838867188, 'y': 1118.9488525390625, 'width': 268.01141357421875, 'height': 142.82666015625}",main#maincontent > div:nth-of-type(2) > div:nth-of-type(2) > div:nth-of-type(2) > article > div > p,,,,,True,False,179,2,div
https://css-tricks.com/,content,p,{},"The CSSWG just approved the new CSS logo! — “WG likes the logo and would like to officially endorse it, will investigate what that means” (Github Issue and CSSWG Minutes)",True,"{'x': 931.6334838867188, 'y': 1349.8294677734375, 'width': 268.01141357421875, 'height': 142.8267822265625}",main#maincontent > div:nth-of-type(2) > div:nth-of-type(2) > div:nth-of-type(2) > article:nth-of-type(2) > div > p,,,,,True,False,170,2,div
https://css-tricks.com/,content,p,{},A big THANK YOU to Lea Verou for all the years of work in the Technical Architecture Group! The Web is better (and so are we) because of you.,True,"{'x': 931.6334838867188, 'y': 1580.710205078125, 'width': 268.01141357421875, 'height': 114.2613525390625}",main#maincontent > div:nth-of-type(2) > div:nth-of-type(2) > div:nth-of-type(2) > article:nth-of-type(3) > div > p,,,,,True,False,141,1,div
https://css-tricks.com/,content,p,{},,False,,main#maincontent > div:nth-of-type(2) > div:nth-of-type(2) > div:nth-of-type(2) > article:nth-of-type(3) > div > p:nth-of-type(2),,,,,False,False,0,0,div
https://css-tricks.com/,content,p,{},“Waits are a price that developers ask users to pay and loading spinners only buy so much time.” —Alex Russell (permalink),True,"{'x': 931.6334838867188, 'y': 1783.0255126953125, 'width': 268.01141357421875, 'height': 114.2613525390625}",main#maincontent > div:nth-of-type(2) > div:nth-of-type(2) > div:nth-of-type(2) > article:nth-of-type(4) > div > p,,,,,True,False,122,3,div
https://css-tricks.com/,content,h1,{},Thank You (2024 Edition),True,"{'x': 679.8153076171875, 'y': 175.63919067382812, 'width': 487.82666015625, 'height': 105.56817626953125}",article#post-383295 > div:nth-of-type(2) > h1,,,,,True,False,24,1,div
https://css-tricks.com/,content,h2,{},A CSS Wishlist for 2025,True,"{'x': 399.84375, 'y': 1185.1278076171875, 'width': 443.7926025390625, 'height': 34.4886474609375}",article#post-383249 > div:nth-of-type(2) > h2,,,,,True,False,23,1,div
https://css-tricks.com/,content,h2,{},The Little Triangle in the Tooltip,True,"{'x': 399.84375, 'y': 1548.125, 'width': 443.7926025390625, 'height': 34.488525390625}",article#post-383224 > div:nth-of-type(2) > h2,,,,,True,False,34,1,div
https://css-tricks.com/,content,h2,{},How to Create Multi-Step Forms With Vanilla JavaScript and CSS,True,"{'x': 399.84375, 'y': 1911.1220703125, 'width': 443.7926025390625, 'height': 103.4659423828125}",article#post-382857 > div:nth-of-type(2) > h2,,,,,True,False,62,1,div
https://css-tricks.com/,content,h2,{},What ELSE is on your CSS wishlist?,True,"{'x': 399.84375, 'y': 2377.69873046875, 'width': 443.7926025390625, 'height': 68.977294921875}",article#post-383250 > div:nth-of-type(2) > h2,,,,,True,False,34,1,div
https://css-tricks.com/,content,h2,{},Fluid Superscripts and Subscripts,True,"{'x': 399.84375, 'y': 2782.599365234375, 'width': 443.7926025390625, 'height': 68.977294921875}",article#post-382867 > div:nth-of-type(2) > h2,,,,,True,False,33,1,div
https://css-tricks.com/,content,h3,{'class': 'mini-card-title'},Knowing CSS is Mastery to Frontend Development,True,"{'x': 369.9715881347656, 'y': 704.6306762695312, 'width': 252.01699829101562, 'height': 45.73858642578125}",article#mini-post-382956 > h3,,,mini-card-title,,True,False,46,1,article
https://css-tricks.com/,content,h3,{'class': 'mini-card-title'},"One of Those “Onboarding” UIs, With Anchor Positioning",True,"{'x': 555.9658813476562, 'y': 704.6306762695312, 'width': 252.01702880859375, 'height': 68.60791015625}",article#mini-post-382731 > h3,,,mini-card-title,,True,False,54,1,article
https://css-tricks.com/,content,h3,{'class': 'mini-card-title'},Yet Another Anchor Positioning Quirk,True,"{'x': 741.960205078125, 'y': 704.6306762695312, 'width': 252.01702880859375, 'height': 45.73858642578125}",article#mini-post-382893 > h3,,,mini-card-title,,True,False,36,1,article
https://css-tricks.com/,content,h3,{'class': 'mini-card-title'},The Law of Diminishing Returns,True,"{'x': 927.9545288085938, 'y': 704.6306762695312, 'width': 252.01702880859375, 'height': 45.73858642578125}",article#mini-post-382846 > h3,,,mini-card-title,,True,False,30,1,article
https://css-tricks.com/,content,h3,{'class': 'mini-card-title'},The Different (and Modern) Ways to Toggle Content,True,"{'x': 1113.9488525390625, 'y': 704.6306762695312, 'width': 252.0169677734375, 'height': 68.60791015625}",article#mini-post-382363 > h3,,,mini-card-title,,True,False,49,1,article
https://css-tricks.com/,content,h3,{'class': 'mini-card-title'},Come to the light-dark() Side,True,"{'x': 1299.943115234375, 'y': 704.6306762695312, 'width': 252.01708984375, 'height': 45.73858642578125}",article#mini-post-382039 > h3,,,mini-card-title,,True,False,29,1,article
https://css-tricks.com/,content,h3,{'class': 'mini-card-title'},Tooltip Best Practices,True,"{'x': 1485.9375, 'y': 704.6306762695312, 'width': 252.0169677734375, 'height': 22.86932373046875}",article#mini-post-382082 > h3,,,mini-card-title,,True,False,22,1,article
https://css-tricks.com/,content,h3,{'class': 'mini-card-title'},Unleash the Power of Scroll-Driven Animations,True,"{'x': 1671.9317626953125, 'y': 704.6306762695312, 'width': 252.01708984375, 'height': 45.73858642578125}",article#mini-post-381613 > h3,,,mini-card-title,,True,False,45,1,article
https://css-tricks.com/,content,h3,{'class': 'mini-card-title'},Popping Comments With CSS Anchor Positioning and View-Driven Animations,True,"{'x': 1857.926025390625, 'y': 704.6306762695312, 'width': 252.01708984375, 'height': 91.47723388671875}",article#mini-post-382247 > h3,,,mini-card-title,,True,False,71,1,article
https://css-tricks.com/,content,h3,{'class': 'mini-card-title'},Scroll Animation,True,"{'x': 385.96588134765625, 'y': 3416.349365234375, 'width': 252.01702880859375, 'height': 22.869140625}",article#mini-post-313469 > h3,,,mini-card-title,,True,False,16,2,article
https://css-tricks.com/,content,h3,{'class': 'mini-card-title'},Yellow Flash,True,"{'x': 571.960205078125, 'y': 3416.349365234375, 'width': 252.01702880859375, 'height': 22.869140625}",article#mini-post-303153 > h3,,,mini-card-title,,True,False,12,2,article
https://css-tricks.com/,content,h3,{'class': 'mini-card-title'},Self-Drawing Shapes,True,"{'x': 757.9545288085938, 'y': 3416.349365234375, 'width': 252.01702880859375, 'height': 22.869140625}",article#mini-post-254582 > h3,,,mini-card-title,,True,False,19,2,article
https://css-tricks.com/,content,h3,{'class': 'mini-card-title'},Scroll Shadows,True,"{'x': 943.9488525390625, 'y': 3416.349365234375, 'width': 252.0169677734375, 'height': 22.869140625}",article#mini-post-305914 > h3,,,mini-card-title,,True,False,14,2,article
https://css-tricks.com/,content,h3,{'class': 'mini-card-title'},Editable Style Blocks,True,"{'x': 1129.943115234375, 'y': 3416.349365234375, 'width': 252.01708984375, 'height': 22.869140625}",article#mini-post-305930 > h3,,,mini-card-title,,True,False,21,2,article
https://css-tricks.com/,content,h3,{'class': 'mini-card-title'},Scroll Indicator,True,"{'x': 1315.9375, 'y': 3416.349365234375, 'width': 252.0169677734375, 'height': 22.869140625}",article#mini-post-304986 > h3,,,mini-card-title,,True,False,16,2,article
https://css-tricks.com/,content,h3,{'class': 'mini-card-title'},Border Triangles,True,"{'x': 1501.9317626953125, 'y': 3416.349365234375, 'width': 252.01708984375, 'height': 22.869140625}",article#mini-post-254474 > h3,,,mini-card-title,,True,False,16,2,article
https://css-tricks.com/,content,h3,{'class': 'mini-card-title'},Pin Scrolling to Bottom,True,"{'x': 1687.926025390625, 'y': 3416.349365234375, 'width': 252.01708984375, 'height': 22.869140625}",article#mini-post-311167 > h3,,,mini-card-title,,True,False,23,2,article
https://css-tricks.com/,content,h3,{'class': 'mini-card-title'},Infinite Scrolling Background Image,True,"{'x': 1873.92041015625, 'y': 3416.349365234375, 'width': 252.01708984375, 'height': 45.738525390625}",article#mini-post-255104 > h3,,,mini-card-title,,True,False,35,2,article
https://css-tricks.com/,content,h3,{'class': 'mini-card-title'},CSS Anchor Positioning Guide,True,"{'x': 385.96588134765625, 'y': 3892.69873046875, 'width': 252.01702880859375, 'height': 45.738525390625}",article#mini-post-381364 > h3,,,mini-card-title,,True,False,28,2,article
https://css-tricks.com/,content,h3,{'class': 'mini-card-title'},CSS Selectors,True,"{'x': 571.960205078125, 'y': 3892.69873046875, 'width': 252.01702880859375, 'height': 22.869384765625}",article#mini-post-378745 > h3,,,mini-card-title,,True,False,13,2,article
https://css-tricks.com/,content,h3,{'class': 'mini-card-title'},CSS Length Units,True,"{'x': 757.9545288085938, 'y': 3892.69873046875, 'width': 252.01702880859375, 'height': 22.869384765625}",article#mini-post-375815 > h3,,,mini-card-title,,True,False,16,2,article
https://css-tricks.com/,content,h3,{'class': 'mini-card-title'},CSS Container Queries,True,"{'x': 943.9488525390625, 'y': 3892.69873046875, 'width': 252.0169677734375, 'height': 22.869384765625}",article#mini-post-378111 > h3,,,mini-card-title,,True,False,21,2,article
https://css-tricks.com/,content,h3,{'class': 'mini-card-title'},CSS Media Queries Guide,True,"{'x': 1129.943115234375, 'y': 3892.69873046875, 'width': 252.01708984375, 'height': 22.869384765625}",article#mini-post-319964 > h3,,,mini-card-title,,True,False,23,2,article
https://css-tricks.com/,content,h3,{'class': 'mini-card-title'},Cascade Layers Guide,True,"{'x': 1315.9375, 'y': 3892.69873046875, 'width': 252.0169677734375, 'height': 22.869384765625}",article#mini-post-363766 > h3,,,mini-card-title,,True,False,20,2,article
https://css-tricks.com/,content,h3,{'class': 'mini-card-title'},A Complete Beginner’s Guide to npm,True,"{'x': 1501.9317626953125, 'y': 3892.69873046875, 'width': 252.01708984375, 'height': 45.738525390625}",article#mini-post-361210 > h3,,,mini-card-title,,True,False,34,2,article
https://css-tricks.com/,content,h3,{'class': 'mini-card-title'},CSS Functions Guide,True,"{'x': 1687.926025390625, 'y': 3892.69873046875, 'width': 252.01708984375, 'height': 22.869384765625}",article#mini-post-307668 > h3,,,mini-card-title,,True,False,19,2,article
https://css-tricks.com/,content,h3,{'class': 'mini-card-title'},CSS Gradients Guide,True,"{'x': 1873.92041015625, 'y': 3892.69873046875, 'width': 252.01708984375, 'height': 22.869384765625}",article#mini-post-325490 > h3,,,mini-card-title,,True,False,19,2,article
https://css-tricks.com/,content,h3,{'class': 'mini-card-title'},CSS Custom Properties Guide,True,"{'x': 2059.914794921875, 'y': 3892.69873046875, 'width': 252.016845703125, 'height': 45.738525390625}",article#mini-post-333595 > h3,,,mini-card-title,,True,False,27,2,article
https://css-tricks.com/,content,h3,{'class': 'mini-card-title'},Dark Mode in CSS Guide,True,"{'x': 2245.908935546875, 'y': 3892.69873046875, 'width': 252.01708984375, 'height': 22.869384765625}",article#mini-post-312285 > h3,,,mini-card-title,,True,False,22,2,article
https://css-tricks.com/,content,h3,{'class': 'mini-card-title'},HTML Data Attributes Guide,True,"{'x': 2431.9033203125, 'y': 3892.69873046875, 'width': 252.01708984375, 'height': 45.738525390625}",article#mini-post-302917 > h3,,,mini-card-title,,True,False,26,2,article
https://css-tricks.com/,content,h3,{'class': 'mini-card-title'},transition-behavior,True,"{'x': 385.96588134765625, 'y': 4369.04833984375, 'width': 252.01702880859375, 'height': 22.869140625}",article#mini-post-382993 > h3,,,mini-card-title,,True,False,19,2,article
https://css-tricks.com/,content,h3,{'class': 'mini-card-title'},font-size-adjust,True,"{'x': 571.960205078125, 'y': 4369.04833984375, 'width': 252.01702880859375, 'height': 22.869140625}",article#mini-post-235175 > h3,,,mini-card-title,,True,False,16,2,article
https://css-tricks.com/,content,h3,{'class': 'mini-card-title'},box-decoration-break,True,"{'x': 757.9545288085938, 'y': 4369.04833984375, 'width': 252.01702880859375, 'height': 22.869140625}",article#mini-post-383045 > h3,,,mini-card-title,,True,False,20,2,article
https://css-tricks.com/,content,h3,{'class': 'mini-card-title'},prefers-reduced-motion,True,"{'x': 943.9488525390625, 'y': 4369.04833984375, 'width': 252.0169677734375, 'height': 22.869140625}",article#mini-post-383264 > h3,,,mini-card-title,,True,False,22,2,article
https://css-tricks.com/,content,h3,{'class': 'mini-card-title'},@media,True,"{'x': 1129.943115234375, 'y': 4369.04833984375, 'width': 252.01708984375, 'height': 22.869140625}",article#mini-post-383311 > h3,,,mini-card-title,,True,False,6,2,article
https://css-tricks.com/,content,h3,{'class': 'mini-card-title'},@starting-style,True,"{'x': 1315.9375, 'y': 4369.04833984375, 'width': 252.0169677734375, 'height': 22.869140625}",article#mini-post-382931 > h3,,,mini-card-title,,True,False,15,2,article
https://css-tricks.com/,content,h3,{'class': 'mini-card-title'},@scope,True,"{'x': 1501.9317626953125, 'y': 4369.04833984375, 'width': 252.01708984375, 'height': 22.869140625}",article#mini-post-382462 > h3,,,mini-card-title,,True,False,6,2,article
https://css-tricks.com/,content,h3,{'class': 'mini-card-title'},@position-try,True,"{'x': 1687.926025390625, 'y': 4369.04833984375, 'width': 252.01708984375, 'height': 22.869140625}",article#mini-post-380274 > h3,,,mini-card-title,,True,False,13,2,article
https://css-tricks.com/,content,h3,{'class': 'mini-card-title'},anchor-scope,True,"{'x': 1873.92041015625, 'y': 4369.04833984375, 'width': 252.01708984375, 'height': 22.869140625}",article#mini-post-382393 > h3,,,mini-card-title,,True,False,12,2,article
https://css-tricks.com/,content,h3,{'class': 'mini-card-title'},anchor(),True,"{'x': 2059.914794921875, 'y': 4369.04833984375, 'width': 252.016845703125, 'height': 22.869140625}",article#mini-post-380066 > h3,,,mini-card-title,,True,False,8,2,article
https://css-tricks.com/,content,h3,{'class': 'mini-card-title'},anchor-size(),True,"{'x': 2245.908935546875, 'y': 4369.04833984375, 'width': 252.01708984375, 'height': 22.869140625}",article#mini-post-380083 > h3,,,mini-card-title,,True,False,13,2,article
https://css-tricks.com/,content,h3,{'class': 'mini-card-title'},position-visibility,True,"{'x': 2431.9033203125, 'y': 4369.04833984375, 'width': 252.01708984375, 'height': 22.869140625}",article#mini-post-379899 > h3,,,mini-card-title,,True,False,19,2,article
https://css-tricks.com/,content,h3,{'class': 'mini-card-title'},position-try-fallbacks,True,"{'x': 2617.897705078125, 'y': 4369.04833984375, 'width': 252.016845703125, 'height': 22.869140625}",article#mini-post-379684 > h3,,,mini-card-title,,True,False,22,2,article
https://css-tricks.com/,content,code,{},interpolate-size,True,"{'x': 1040.7528076171875, 'y': 1182.443115234375, 'width': 130.0426025390625, 'height': 17.272705078125}",main#maincontent > div:nth-of-type(2) > div:nth-of-type(2) > div:nth-of-type(2) > article > div > p > code,,,,,True,False,16,0,p
https://css-tricks.com/,content,code,{},"# December 13, 2024",True,"{'x': 915.63916015625, 'y': 1287.9970703125, 'width': 97.01702880859375, 'height': 20}",main#maincontent > div:nth-of-type(2) > div:nth-of-type(2) > div:nth-of-type(2) > article > code,,,,,True,False,19,2,article
https://css-tricks.com/,content,code,{},"# December 12, 2024",True,"{'x': 915.63916015625, 'y': 1518.8778076171875, 'width': 97.01702880859375, 'height': 20}",main#maincontent > div:nth-of-type(2) > div:nth-of-type(2) > div:nth-of-type(2) > article:nth-of-type(2) > code,,,,,True,False,19,2,article
https://css-tricks.com/,content,code,{},"# December 11, 2024",True,"{'x': 915.63916015625, 'y': 1721.193115234375, 'width': 97.01702880859375, 'height': 20}",main#maincontent > div:nth-of-type(2) > div:nth-of-type(2) > div:nth-of-type(2) > article:nth-of-type(3) > code,,,,,True,False,19,2,article
https://css-tricks.com/,content,code,{},"# November 18, 2024",True,"{'x': 915.63916015625, 'y': 1923.5084228515625, 'width': 97.01702880859375, 'height': 20}",main#maincontent > div:nth-of-type(2) > div:nth-of-type(2) > div:nth-of-type(2) > article:nth-of-type(4) > code,,,,,True,False,19,2,article
https://css-tricks.com/,content,code,{'class': ' language-css'},dialog { transition-behavior: allow-discrete; },True,"{'x': 385.96588134765625, 'y': 4459.54541015625, 'width': 237.571044921875, 'height': 45.369140625}",article#mini-post-382993 > a > code,,, language-css,,True,False,47,6,a
https://css-tricks.com/,content,code,{'class': ' language-css'},.element { font-size-adjust: .5; },True,"{'x': 571.960205078125, 'y': 4459.54541015625, 'width': 246.3636474609375, 'height': 45.369140625}",article#mini-post-235175 > a > code,,, language-css,,True,False,34,7,a
https://css-tricks.com/,content,code,{'class': ' language-css'},.element { box-decoration-break: clone; },True,"{'x': 757.9545288085938, 'y': 4459.54541015625, 'width': 228.76416015625, 'height': 45.369140625}",article#mini-post-383045 > a > code,,, language-css,,True,False,41,6,a
https://css-tricks.com/,content,code,{'class': ' language-css'},@media screen and (prefers-reduced-motion: reduce) { },True,"{'x': 943.9488525390625, 'y': 4459.54541015625, 'width': 237.599365234375, 'height': 45.369140625}",article#mini-post-383264 > a > code,,, language-css,,True,False,54,3,a
https://css-tricks.com/,content,code,{'class': ' language-css'},@media screen and (min-width: 600px) { },True,"{'x': 1129.943115234375, 'y': 4459.54541015625, 'width': 202.3580322265625, 'height': 45.369140625}",article#mini-post-383311 > a > code,,, language-css,,True,False,40,3,a
https://css-tricks.com/,content,code,{'class': ' language-css'},@starting-style { opacity: 0; },True,"{'x': 1315.9375, 'y': 4459.54541015625, 'width': 228.7783203125, 'height': 45.369140625}",article#mini-post-382931 > a > code,,, language-css,,True,False,31,7,a
https://css-tricks.com/,content,code,{'class': ' language-css'},@scope (.container) to (.article) { /* */ },True,"{'x': 1501.9317626953125, 'y': 4459.54541015625, 'width': 193.57958984375, 'height': 45.369140625}",article#mini-post-382462 > a > code,,, language-css,,True,False,43,4,a
https://css-tricks.com/,content,code,{'class': ' language-css'},@position-try --my-position { position-area: top left; },True,"{'x': 1687.926025390625, 'y': 4459.54541015625, 'width': 246.3779296875, 'height': 45.369140625}",article#mini-post-380274 > a > code,,, language-css,,True,False,56,6,a
https://css-tricks.com/,content,code,{'class': ' language-css'},".element { anchor-scope: --anchor-one, --anchor-two; }",True,"{'x': 1873.92041015625, 'y': 4459.54541015625, 'width': 237.585205078125, 'height': 45.369140625}",article#mini-post-382393 > a > code,,, language-css,,True,False,54,9,a
https://css-tricks.com/,content,code,{'class': ' language-css'},.target { top: anchor(--my-anchor bottom); },True,"{'x': 2059.914794921875, 'y': 4459.54541015625, 'width': 237.599365234375, 'height': 45.369140625}",article#mini-post-380066 > a > code,,, language-css,,True,False,44,10,a
https://css-tricks.com/,content,code,{'class': ' language-css'},.target { width: anchor-size(width); },True,"{'x': 2245.908935546875, 'y': 4459.54541015625, 'width': 211.20751953125, 'height': 45.369140625}",article#mini-post-380083 > a > code,,, language-css,,True,False,38,9,a
https://css-tricks.com/,content,code,{'class': ' language-css'},.target { position-visibility: no-overflow; },True,"{'x': 2431.9033203125, 'y': 4459.54541015625, 'width': 228.76416015625, 'height': 45.369140625}",article#mini-post-379899 > a > code,,, language-css,,True,False,45,6,a
https://css-tricks.com/,content,code,{'class': ' language-css'},".target { position-try-fallbacks: flip-inline, bottom left; }",True,"{'x': 2617.897705078125, 'y': 4459.54541015625, 'width': 202.3720703125, 'height': 72.556640625}",article#mini-post-379684 > a > code,,, language-css,,True,False,61,7,a
https://css-tricks.com/,navigation,nav,"{'id': 'main-nav', 'class': 'main-nav', 'role': 'navigation'}","ARTICLES
NOTES
LINKS
GUIDES
ALMANAC
PICKS
SHUFFLE",True,"{'x': 418.9772644042969, 'y': 0, 'width': 796.6618957519531, 'height': 54.73011016845703}",nav#main-nav,navigation,,main-nav,main-nav,True,False,49,1,div
https://css-tricks.com/,navigation,nav,"{'id': 'footer-nav-digitalocean', 'class': 'footer-nav', 'role': 'navigation'}","About DO
Cloudways
Legal stuff
Get free credit!",True,"{'x': 47.99715805053711, 'y': 5215.32666015625, 'width': 279.91476821899414, 'height': 115.22705078125}",nav#footer-nav-digitalocean,navigation,,footer-nav,footer-nav-digitalocean,True,False,47,1,div
https://css-tricks.com/,navigation,nav,"{'id': 'footer-nav-csstricks', 'class': 'footer-nav', 'role': 'navigation'}","Contact
Write for CSS-Tricks!
Advertise with us",True,"{'x': 343.90625, 'y': 5215.32666015625, 'width': 279.91473388671875, 'height': 86.42041015625}",nav#footer-nav-csstricks,navigation,,footer-nav,footer-nav-csstricks,True,False,47,1,div
https://css-tricks.com/,navigation,nav,"{'id': 'footer-nav-social', 'class': 'footer-nav', 'role': 'navigation'}","RSS Feeds
CodePen
Mastodon
Bluesky",True,"{'x': 639.8153076171875, 'y': 5215.32666015625, 'width': 279.914794921875, 'height': 115.22705078125}",nav#footer-nav-social,navigation,,footer-nav,footer-nav-social,True,False,34,1,div
https://css-tricks.com/,navigation,div,{'class': 'entry-unrelated sidebar'},"Quick Hits

One day I’d love to publish a note in one of the CSS specs that’s like this one I found for interpolate-size: NOTE: If we had a time machine, this property wouldn’t need to exist.

# December 13, 2024

The CSSWG just approved the new CSS logo! — “WG likes the logo and would like to officially endorse it, will investigate what that means” (Github Issue and CSSWG Minutes)

# December 12, 2024

A big THANK YOU to Lea Verou for all the years of work in the Technical Architecture Group! The Web is better (and so are we) because of you.

# December 11, 2024

“Waits are a price that developers ask users to pay and loading spinners only buy so much time.” —Alex Russell (permalink)

# November 18, 2024
MORE QUICK HITS →
Your new development career awaits. Check out the latest listings.
ads via Carbon",True,"{'x': 915.63916015625, 'y': 1061.818115234375, 'width': 300, 'height': 2087.471435546875}",main#maincontent > div:nth-of-type(2) > div:nth-of-type(2),,,entry-unrelated sidebar,,True,False,814,3,div
https://css-tricks.com/,media,img,"{'loading': 'eager', 'width': '2560', 'height': '1280', 'src': 'https://css-tricks.com/wp-content/uploads/2022/12/thank-you-2022-scaled.jpg', 'class': 'article-thumbnail wp-post-image', 'alt': '', 'decoding': 'async', 'fetchpriority': 'high', 'srcset': 'https://i0.wp.com/css-tricks.com/wp-content/uploads/2022/12/thank-you-2022-scaled.jpg?w=2560&ssl=1 2560w, https://i0.wp.com/css-tricks.com/wp-content/uploads/2022/12/thank-you-2022-scaled.jpg?resize=300%2C150&ssl=1 300w, https://i0.wp.com/css-tricks.com/wp-content/uploads/2022/12/thank-you-2022-scaled.jpg?resize=1024%2C512&ssl=1 1024w, https://i0.wp.com/css-tricks.com/wp-content/uploads/2022/12/thank-you-2022-scaled.jpg?resize=768%2C384&ssl=1 768w, https://i0.wp.com/css-tricks.com/wp-content/uploads/2022/12/thank-you-2022-scaled.jpg?resize=1536%2C768&ssl=1 1536w, https://i0.wp.com/css-tricks.com/wp-content/uploads/2022/12/thank-you-2022-scaled.jpg?resize=2048%2C1024&ssl=1 2048w', 'sizes': '(min-width: 735px) 864px, 96vw'}",,True,"{'x': 47.99715805053711, 'y': 103.63636016845703, 'width': 583.8210182189941, 'height': 497.8267135620117}",article#post-383295 > div > a > img,,,article-thumbnail wp-post-image,,True,False,0,0,a
https://css-tricks.com/,media,img,"{'loading': 'eager', 'alt': 'Avatar of Geoff Graham', 'src': 'https://css-tricks.com/wp-content/cache/breeze-extra/gravatars/ac0d6274a6cea04669e66a20ec0ea204', 'srcset': 'https://css-tricks.com/wp-content/cache/breeze-extra/gravatars/ac0d6274a6cea04669e66a20ec0ea204 2x', 'class': 'avatar avatar-80 photo skip-lazy', 'height': '80', 'width': '80', 'decoding': 'async'}",,True,"{'x': 679.8153076171875, 'y': 509.04827880859375, 'width': 40, 'height': 40}",article#post-383295 > div:nth-of-type(2) > div:nth-of-type(2) > a > img,,,avatar avatar-80 photo skip-lazy,,True,False,0,0,a
https://css-tricks.com/,media,img,"{'loading': 'lazy', 'alt': '', 'src': 'https://css-tricks.com/wp-content/cache/breeze-extra/gravatars/ac0d6274a6cea04669e66a20ec0ea204', 'srcset': 'https://css-tricks.com/wp-content/cache/breeze-extra/gravatars/ac0d6274a6cea04669e66a20ec0ea204 2x', 'class': 'avatar avatar-80 photo', 'height': '80', 'width': '80', 'decoding': 'async'}",,True,"{'x': 369.9715881347656, 'y': 798.366455078125, 'width': 40, 'height': 40}",article#mini-post-382956 > div:nth-of-type(2) > a > img,,,avatar avatar-80 photo,,True,False,0,0,a
https://css-tricks.com/,media,img,"{'loading': 'lazy', 'alt': '', 'src': 'https://css-tricks.com/wp-content/cache/breeze-extra/gravatars/7dc839d600a4fd344ca6699b2e06ef69', 'srcset': 'https://css-tricks.com/wp-content/cache/breeze-extra/gravatars/7dc839d600a4fd344ca6699b2e06ef69 2x', 'class': 'avatar avatar-80 photo', 'height': '80', 'width': '80', 'decoding': 'async'}",,True,"{'x': 555.9658813476562, 'y': 821.2357788085938, 'width': 40, 'height': 40}",article#mini-post-382731 > div:nth-of-type(2) > a > img,,,avatar avatar-80 photo,,True,False,0,0,a
https://css-tricks.com/,media,img,"{'loading': 'lazy', 'alt': '', 'class': 'avatar avatar-80 photo avatar-default', 'height': '80', 'src': 'https://css-tricks.com/wp-content/cache/breeze-extra/gravatars/juan-diego-rodriguez-80x80.png', 'width': '80'}",,True,"{'x': 741.960205078125, 'y': 798.366455078125, 'width': 40, 'height': 40}",article#mini-post-382893 > div:nth-of-type(2) > a > img,,,avatar avatar-80 photo avatar-default,,True,False,0,0,a
https://css-tricks.com/,media,img,"{'loading': 'lazy', 'alt': '', 'src': 'https://css-tricks.com/wp-content/cache/breeze-extra/gravatars/ac0d6274a6cea04669e66a20ec0ea204', 'srcset': 'https://css-tricks.com/wp-content/cache/breeze-extra/gravatars/ac0d6274a6cea04669e66a20ec0ea204 2x', 'class': 'avatar avatar-80 photo', 'height': '80', 'width': '80', 'decoding': 'async'}",,True,"{'x': 927.9545288085938, 'y': 798.366455078125, 'width': 40, 'height': 40}",article#mini-post-382846 > div:nth-of-type(2) > a > img,,,avatar avatar-80 photo,,True,False,0,0,a
https://css-tricks.com/,media,img,"{'loading': 'lazy', 'alt': '', 'src': 'https://css-tricks.com/wp-content/cache/breeze-extra/gravatars/ede12de9a039384052b2634a3f104253', 'srcset': 'https://css-tricks.com/wp-content/cache/breeze-extra/gravatars/ede12de9a039384052b2634a3f104253 2x', 'class': 'avatar avatar-80 photo', 'height': '80', 'width': '80', 'decoding': 'async'}",,True,"{'x': 1113.9488525390625, 'y': 821.2357788085938, 'width': 40, 'height': 40}",article#mini-post-382363 > div:nth-of-type(2) > a > img,,,avatar avatar-80 photo,,True,False,0,0,a
https://css-tricks.com/,media,img,"{'loading': 'lazy', 'alt': '', 'class': 'avatar avatar-80 photo avatar-default', 'height': '80', 'src': 'https://css-tricks.com/wp-content/cache/breeze-extra/gravatars/sara-wallen-80x80.png', 'width': '80'}",,True,"{'x': 1299.943115234375, 'y': 798.366455078125, 'width': 40, 'height': 40}",article#mini-post-382039 > div:nth-of-type(2) > a > img,,,avatar avatar-80 photo avatar-default,,True,False,0,0,a
https://css-tricks.com/,media,img,"{'loading': 'lazy', 'alt': '', 'src': 'https://css-tricks.com/wp-content/cache/breeze-extra/gravatars/00eedd7282eab774e300918f9e32558b', 'srcset': 'https://css-tricks.com/wp-content/cache/breeze-extra/gravatars/00eedd7282eab774e300918f9e32558b 2x', 'class': 'avatar avatar-80 photo', 'height': '80', 'width': '80', 'decoding': 'async'}",,True,"{'x': 1485.9375, 'y': 775.4971313476562, 'width': 40, 'height': 40}",article#mini-post-382082 > div:nth-of-type(2) > a > img,,,avatar avatar-80 photo,,True,False,0,0,a
https://css-tricks.com/,media,img,"{'loading': 'lazy', 'alt': '', 'src': 'https://css-tricks.com/wp-content/cache/breeze-extra/gravatars/ac0d6274a6cea04669e66a20ec0ea204', 'srcset': 'https://css-tricks.com/wp-content/cache/breeze-extra/gravatars/ac0d6274a6cea04669e66a20ec0ea204 2x', 'class': 'avatar avatar-80 photo', 'height': '80', 'width': '80', 'decoding': 'async'}",,True,"{'x': 1671.9317626953125, 'y': 798.366455078125, 'width': 40, 'height': 40}",article#mini-post-381613 > div:nth-of-type(2) > a > img,,,avatar avatar-80 photo,,True,False,0,0,a
https://css-tricks.com/,media,img,"{'loading': 'lazy', 'alt': '', 'class': 'avatar avatar-80 photo avatar-default', 'height': '80', 'src': 'https://css-tricks.com/wp-content/cache/breeze-extra/gravatars/juan-diego-rodriguez-80x80.png', 'width': '80'}",,True,"{'x': 1857.926025390625, 'y': 860.1135864257812, 'width': 40, 'height': 40}",article#mini-post-382247 > div:nth-of-type(2) > a > img,,,avatar avatar-80 photo avatar-default,,True,False,0,0,a
https://css-tricks.com/,media,img,"{'loading': 'lazy', 'width': '1200', 'height': '600', 'src': 'https://css-tricks.com/wp-content/uploads/2019/08/css-sparkle-1.png', 'class': 'article-thumbnail wp-post-image', 'alt': '', 'decoding': 'async', 'srcset': 'https://i0.wp.com/css-tricks.com/wp-content/uploads/2019/08/css-sparkle-1.png?w=1200&ssl=1 1200w, https://i0.wp.com/css-tricks.com/wp-content/uploads/2019/08/css-sparkle-1.png?resize=300%2C150&ssl=1 300w, https://i0.wp.com/css-tricks.com/wp-content/uploads/2019/08/css-sparkle-1.png?resize=1024%2C512&ssl=1 1024w, https://i0.wp.com/css-tricks.com/wp-content/uploads/2019/08/css-sparkle-1.png?resize=768%2C384&ssl=1 768w, https://i0.wp.com/css-tricks.com/wp-content/uploads/2019/08/css-sparkle-1.png?resize=1000%2C500&ssl=1 1000w', 'sizes': '(min-width: 735px) 864px, 96vw'}",,True,"{'x': 47.99715805053711, 'y': 1133.536865234375, 'width': 327.85510635375977, 'height': 315}",article#post-383249 > div > a > img,,,article-thumbnail wp-post-image,,True,False,0,0,a
https://css-tricks.com/,media,img,"{'loading': 'lazy', 'alt': 'Avatar of Juan Diego Rodríguez', 'class': 'avatar avatar-80 photo avatar-default', 'height': '80', 'src': 'https://css-tricks.com/wp-content/cache/breeze-extra/gravatars/juan-diego-rodriguez-80x80.png', 'width': '80'}",,True,"{'x': 399.84375, 'y': 1333.1676025390625, 'width': 39.999969482421875, 'height': 40}",article#post-383249 > div:nth-of-type(2) > div:nth-of-type(2) > a > img,,,avatar avatar-80 photo avatar-default,,True,False,0,0,a
https://css-tricks.com/,media,img,"{'loading': 'lazy', 'width': '1920', 'height': '1080', 'src': 'https://css-tricks.com/wp-content/uploads/2024/12/the-little-triangle-in-the-tooltip.png', 'class': 'article-thumbnail wp-post-image', 'alt': '', 'decoding': 'async', 'srcset': 'https://i0.wp.com/css-tricks.com/wp-content/uploads/2024/12/the-little-triangle-in-the-tooltip.png?w=1920&ssl=1 1920w, https://i0.wp.com/css-tricks.com/wp-content/uploads/2024/12/the-little-triangle-in-the-tooltip.png?resize=300%2C169&ssl=1 300w, https://i0.wp.com/css-tricks.com/wp-content/uploads/2024/12/the-little-triangle-in-the-tooltip.png?resize=1024%2C576&ssl=1 1024w, https://i0.wp.com/css-tricks.com/wp-content/uploads/2024/12/the-little-triangle-in-the-tooltip.png?resize=768%2C432&ssl=1 768w, https://i0.wp.com/css-tricks.com/wp-content/uploads/2024/12/the-little-triangle-in-the-tooltip.png?resize=1536%2C864&ssl=1 1536w', 'sizes': '(min-width: 735px) 864px, 96vw'}",,True,"{'x': 47.99715805053711, 'y': 1496.5340576171875, 'width': 327.85510635375977, 'height': 315}",article#post-383224 > div > a > img,,,article-thumbnail wp-post-image,,True,False,0,0,a
https://css-tricks.com/,media,img,"{'loading': 'lazy', 'alt': 'Avatar of Juan Diego Rodríguez', 'class': 'avatar avatar-80 photo avatar-default', 'height': '80', 'src': 'https://css-tricks.com/wp-content/cache/breeze-extra/gravatars/juan-diego-rodriguez-80x80.png', 'width': '80'}",,True,"{'x': 399.84375, 'y': 1723.3521728515625, 'width': 39.999969482421875, 'height': 40}",article#post-383224 > div:nth-of-type(2) > div:nth-of-type(2) > a > img,,,avatar avatar-80 photo avatar-default,,True,False,0,0,a
https://css-tricks.com/,media,img,"{'loading': 'lazy', 'width': '1200', 'height': '600', 'src': 'https://css-tricks.com/wp-content/uploads/2022/08/forms.png', 'class': 'article-thumbnail wp-post-image', 'alt': '', 'decoding': 'async', 'srcset': 'https://i0.wp.com/css-tricks.com/wp-content/uploads/2022/08/forms.png?w=1200&ssl=1 1200w, https://i0.wp.com/css-tricks.com/wp-content/uploads/2022/08/forms.png?resize=300%2C150&ssl=1 300w, https://i0.wp.com/css-tricks.com/wp-content/uploads/2022/08/forms.png?resize=1024%2C512&ssl=1 1024w, https://i0.wp.com/css-tricks.com/wp-content/uploads/2022/08/forms.png?resize=768%2C384&ssl=1 768w', 'sizes': '(min-width: 735px) 864px, 96vw'}",,True,"{'x': 47.99715805053711, 'y': 1859.5311279296875, 'width': 327.85510635375977, 'height': 315.0001220703125}",article#post-382857 > div > a > img,,,article-thumbnail wp-post-image,,True,False,0,0,a
https://css-tricks.com/,media,img,"{'loading': 'lazy', 'alt': 'Avatar of Fatuma Abdullaho', 'class': 'avatar avatar-80 photo avatar-default', 'height': '80', 'src': 'https://css-tricks.com/wp-content/cache/breeze-extra/gravatars/fatuma-abdullaho-80x80.png', 'width': '80'}",,True,"{'x': 399.84375, 'y': 2209.70166015625, 'width': 39.999969482421875, 'height': 40}",article#post-382857 > div:nth-of-type(2) > div:nth-of-type(2) > a > img,,,avatar avatar-80 photo avatar-default,,True,False,0,0,a
https://css-tricks.com/,media,img,"{'loading': 'lazy', 'width': '1200', 'height': '600', 'src': 'https://css-tricks.com/wp-content/uploads/2019/08/css-sparkle-1.png', 'class': 'article-thumbnail wp-post-image', 'alt': '', 'decoding': 'async', 'srcset': 'https://i0.wp.com/css-tricks.com/wp-content/uploads/2019/08/css-sparkle-1.png?w=1200&ssl=1 1200w, https://i0.wp.com/css-tricks.com/wp-content/uploads/2019/08/css-sparkle-1.png?resize=300%2C150&ssl=1 300w, https://i0.wp.com/css-tricks.com/wp-content/uploads/2019/08/css-sparkle-1.png?resize=1024%2C512&ssl=1 1024w, https://i0.wp.com/css-tricks.com/wp-content/uploads/2019/08/css-sparkle-1.png?resize=768%2C384&ssl=1 768w, https://i0.wp.com/css-tricks.com/wp-content/uploads/2019/08/css-sparkle-1.png?resize=1000%2C500&ssl=1 1000w', 'sizes': '(min-width: 735px) 864px, 96vw'}",,True,"{'x': 47.99715805053711, 'y': 2326.10791015625, 'width': 327.85510635375977, 'height': 315}",article#post-383250 > div > a > img,,,article-thumbnail wp-post-image,,True,False,0,0,a
https://css-tricks.com/,media,img,"{'loading': 'lazy', 'alt': 'Avatar of Geoff Graham', 'src': 'https://css-tricks.com/wp-content/cache/breeze-extra/gravatars/ac0d6274a6cea04669e66a20ec0ea204', 'srcset': 'https://css-tricks.com/wp-content/cache/breeze-extra/gravatars/ac0d6274a6cea04669e66a20ec0ea204 2x', 'class': 'avatar avatar-80 photo skip-lazy', 'height': '80', 'width': '80', 'decoding': 'async'}",,True,"{'x': 399.84375, 'y': 2614.602294921875, 'width': 39.999969482421875, 'height': 40}",article#post-383250 > div:nth-of-type(2) > div:nth-of-type(2) > a > img,,,avatar avatar-80 photo skip-lazy,,True,False,0,0,a
https://css-tricks.com/,media,img,"{'loading': 'lazy', 'width': '1600', 'height': '821', 'src': 'https://css-tricks.com/wp-content/uploads/2024/12/fluid-super-subscripts-1.png', 'class': 'article-thumbnail wp-post-image', 'alt': '', 'decoding': 'async', 'srcset': 'https://i0.wp.com/css-tricks.com/wp-content/uploads/2024/12/fluid-super-subscripts-1.png?w=1600&ssl=1 1600w, https://i0.wp.com/css-tricks.com/wp-content/uploads/2024/12/fluid-super-subscripts-1.png?resize=300%2C154&ssl=1 300w, https://i0.wp.com/css-tricks.com/wp-content/uploads/2024/12/fluid-super-subscripts-1.png?resize=1024%2C525&ssl=1 1024w, https://i0.wp.com/css-tricks.com/wp-content/uploads/2024/12/fluid-super-subscripts-1.png?resize=768%2C394&ssl=1 768w, https://i0.wp.com/css-tricks.com/wp-content/uploads/2024/12/fluid-super-subscripts-1.png?resize=1536%2C788&ssl=1 1536w', 'sizes': '(min-width: 735px) 864px, 96vw'}",,True,"{'x': 47.99715805053711, 'y': 2731.008544921875, 'width': 327.85510635375977, 'height': 314.999755859375}",article#post-382867 > div > a > img,,,article-thumbnail wp-post-image,,True,False,0,0,a
https://css-tricks.com/,media,img,"{'loading': 'lazy', 'alt': 'Avatar of Lorenz Woehr', 'class': 'avatar avatar-80 photo avatar-default', 'height': '80', 'src': 'https://css-tricks.com/wp-content/cache/breeze-extra/gravatars/LorenzWohr-80x80.jpeg', 'width': '80'}",,True,"{'x': 399.84375, 'y': 2965.127685546875, 'width': 39.999969482421875, 'height': 40}",article#post-382867 > div:nth-of-type(2) > div:nth-of-type(2) > a > img,,,avatar avatar-80 photo avatar-default,,True,False,0,0,a
https://css-tricks.com/,media,img,"{'src': 'https://srv.carbonads.net/static/30242/3913207e72f710f619a5492de1f4271d876d8c0f', 'alt': 'ads via Carbon', 'border': '0', 'height': '100', 'width': '130', 'data-no-statview': 'no', 'style': 'max-width: 130px;'}",,True,"{'x': 930.5397338867188, 'y': 2098.60791015625, 'width': 130.00006103515625, 'height': 100}",div#carbon-responsive > div > a > img,,,,,True,False,0,0,a
https://css-tricks.com/,media,img,"{'loading': 'lazy', 'alt': '', 'src': 'https://css-tricks.com/wp-content/cache/breeze-extra/gravatars/8081b26e05bb4354f7d65ffc34cbbd67', 'srcset': 'https://css-tricks.com/wp-content/cache/breeze-extra/gravatars/8081b26e05bb4354f7d65ffc34cbbd67 2x', 'class': 'avatar avatar-80 photo', 'height': '80', 'width': '80'}",,True,"{'x': 385.96588134765625, 'y': 3463.210205078125, 'width': 40, 'height': 40}",article#mini-post-313469 > div > a > img,,,avatar avatar-80 photo,,True,False,0,0,a
https://css-tricks.com/,media,img,"{'loading': 'lazy', 'alt': '', 'src': 'https://css-tricks.com/wp-content/cache/breeze-extra/gravatars/8081b26e05bb4354f7d65ffc34cbbd67', 'srcset': 'https://css-tricks.com/wp-content/cache/breeze-extra/gravatars/8081b26e05bb4354f7d65ffc34cbbd67 2x', 'class': 'avatar avatar-80 photo', 'height': '80', 'width': '80'}",,True,"{'x': 571.960205078125, 'y': 3463.210205078125, 'width': 40, 'height': 40}",article#mini-post-303153 > div > a > img,,,avatar avatar-80 photo,,True,False,0,0,a
https://css-tricks.com/,media,img,"{'loading': 'lazy', 'alt': '', 'src': 'https://css-tricks.com/wp-content/cache/breeze-extra/gravatars/8081b26e05bb4354f7d65ffc34cbbd67', 'srcset': 'https://css-tricks.com/wp-content/cache/breeze-extra/gravatars/8081b26e05bb4354f7d65ffc34cbbd67 2x', 'class': 'avatar avatar-80 photo', 'height': '80', 'width': '80'}",,True,"{'x': 757.9545288085938, 'y': 3463.210205078125, 'width': 40, 'height': 40}",article#mini-post-254582 > div > a > img,,,avatar avatar-80 photo,,True,False,0,0,a
https://css-tricks.com/,media,img,"{'loading': 'lazy', 'alt': '', 'src': 'https://css-tricks.com/wp-content/cache/breeze-extra/gravatars/8081b26e05bb4354f7d65ffc34cbbd67', 'srcset': 'https://css-tricks.com/wp-content/cache/breeze-extra/gravatars/8081b26e05bb4354f7d65ffc34cbbd67 2x', 'class': 'avatar avatar-80 photo', 'height': '80', 'width': '80'}",,True,"{'x': 943.9488525390625, 'y': 3463.210205078125, 'width': 40, 'height': 40}",article#mini-post-305914 > div > a > img,,,avatar avatar-80 photo,,True,False,0,0,a
https://css-tricks.com/,media,img,"{'loading': 'lazy', 'alt': '', 'src': 'https://css-tricks.com/wp-content/cache/breeze-extra/gravatars/8081b26e05bb4354f7d65ffc34cbbd67', 'srcset': 'https://css-tricks.com/wp-content/cache/breeze-extra/gravatars/8081b26e05bb4354f7d65ffc34cbbd67 2x', 'class': 'avatar avatar-80 photo', 'height': '80', 'width': '80'}",,True,"{'x': 1129.943115234375, 'y': 3463.210205078125, 'width': 40, 'height': 40}",article#mini-post-305930 > div > a > img,,,avatar avatar-80 photo,,True,False,0,0,a
https://css-tricks.com/,media,img,"{'loading': 'lazy', 'alt': '', 'src': 'https://css-tricks.com/wp-content/cache/breeze-extra/gravatars/8081b26e05bb4354f7d65ffc34cbbd67', 'srcset': 'https://css-tricks.com/wp-content/cache/breeze-extra/gravatars/8081b26e05bb4354f7d65ffc34cbbd67 2x', 'class': 'avatar avatar-80 photo', 'height': '80', 'width': '80'}",,True,"{'x': 1315.9375, 'y': 3463.210205078125, 'width': 40, 'height': 40}",article#mini-post-304986 > div > a > img,,,avatar avatar-80 photo,,True,False,0,0,a
https://css-tricks.com/,media,img,"{'loading': 'lazy', 'alt': '', 'src': 'https://css-tricks.com/wp-content/cache/breeze-extra/gravatars/8081b26e05bb4354f7d65ffc34cbbd67', 'srcset': 'https://css-tricks.com/wp-content/cache/breeze-extra/gravatars/8081b26e05bb4354f7d65ffc34cbbd67 2x', 'class': 'avatar avatar-80 photo', 'height': '80', 'width': '80'}",,True,"{'x': 1501.9317626953125, 'y': 3463.210205078125, 'width': 40, 'height': 40}",article#mini-post-254474 > div > a > img,,,avatar avatar-80 photo,,True,False,0,0,a
https://css-tricks.com/,media,img,"{'loading': 'lazy', 'alt': '', 'src': 'https://css-tricks.com/wp-content/cache/breeze-extra/gravatars/8081b26e05bb4354f7d65ffc34cbbd67', 'srcset': 'https://css-tricks.com/wp-content/cache/breeze-extra/gravatars/8081b26e05bb4354f7d65ffc34cbbd67 2x', 'class': 'avatar avatar-80 photo', 'height': '80', 'width': '80'}",,True,"{'x': 1687.926025390625, 'y': 3463.210205078125, 'width': 40, 'height': 40}",article#mini-post-311167 > div > a > img,,,avatar avatar-80 photo,,True,False,0,0,a
https://css-tricks.com/,media,img,"{'loading': 'lazy', 'alt': '', 'src': 'https://css-tricks.com/wp-content/cache/breeze-extra/gravatars/8081b26e05bb4354f7d65ffc34cbbd67', 'srcset': 'https://css-tricks.com/wp-content/cache/breeze-extra/gravatars/8081b26e05bb4354f7d65ffc34cbbd67 2x', 'class': 'avatar avatar-80 photo', 'height': '80', 'width': '80'}",,True,"{'x': 1873.92041015625, 'y': 3486.079345703125, 'width': 40, 'height': 40}",article#mini-post-255104 > div > a > img,,,avatar avatar-80 photo,,True,False,0,0,a
https://css-tricks.com/,media,img,"{'loading': 'lazy', 'data-recalc-dims': '1', 'decoding': 'async', 'alt': '', 'class': 'avatar avatar-80 photo avatar-default', 'height': '80', 'src': 'https://i0.wp.com/css-tricks.com/wp-content/cache/breeze-extra/gravatars/juan-diego-rodriguez-80x80.png?resize=80%2C80&ssl=1', 'width': '80'}",,True,"{'x': 385.96588134765625, 'y': 3986.4345703125, 'width': 40, 'height': 40}",article#mini-post-381364 > div:nth-of-type(2) > a > img,,,avatar avatar-80 photo avatar-default,,True,False,0,0,a
https://css-tricks.com/,media,img,"{'loading': 'lazy', 'alt': '', 'src': 'https://css-tricks.com/wp-content/cache/breeze-extra/gravatars/ac0d6274a6cea04669e66a20ec0ea204', 'srcset': 'https://css-tricks.com/wp-content/cache/breeze-extra/gravatars/ac0d6274a6cea04669e66a20ec0ea204 2x', 'class': 'avatar avatar-80 photo', 'height': '80', 'width': '80'}",,True,"{'x': 571.960205078125, 'y': 3963.565185546875, 'width': 40, 'height': 40}",article#mini-post-378745 > div:nth-of-type(2) > a > img,,,avatar avatar-80 photo,,True,False,0,0,a
https://css-tricks.com/,media,img,"{'loading': 'lazy', 'alt': '', 'src': 'https://css-tricks.com/wp-content/cache/breeze-extra/gravatars/ac0d6274a6cea04669e66a20ec0ea204', 'srcset': 'https://css-tricks.com/wp-content/cache/breeze-extra/gravatars/ac0d6274a6cea04669e66a20ec0ea204 2x', 'class': 'avatar avatar-80 photo', 'height': '80', 'width': '80'}",,True,"{'x': 757.9545288085938, 'y': 3963.565185546875, 'width': 40, 'height': 40}",article#mini-post-375815 > div:nth-of-type(2) > a > img,,,avatar avatar-80 photo,,True,False,0,0,a
https://css-tricks.com/,media,img,"{'loading': 'lazy', 'alt': '', 'src': 'https://css-tricks.com/wp-content/cache/breeze-extra/gravatars/ac0d6274a6cea04669e66a20ec0ea204', 'srcset': 'https://css-tricks.com/wp-content/cache/breeze-extra/gravatars/ac0d6274a6cea04669e66a20ec0ea204 2x', 'class': 'avatar avatar-80 photo', 'height': '80', 'width': '80'}",,True,"{'x': 943.9488525390625, 'y': 3963.565185546875, 'width': 40, 'height': 40}",article#mini-post-378111 > div:nth-of-type(2) > a > img,,,avatar avatar-80 photo,,True,False,0,0,a
https://css-tricks.com/,media,img,"{'loading': 'lazy', 'data-recalc-dims': '1', 'decoding': 'async', 'alt': '', 'class': 'avatar avatar-80 photo avatar-default', 'height': '80', 'src': 'https://i0.wp.com/css-tricks.com/wp-content/cache/breeze-extra/gravatars/Ando1-80x80.jpg?resize=80%2C80&ssl=1', 'width': '80'}",,True,"{'x': 1129.943115234375, 'y': 3963.565185546875, 'width': 40, 'height': 40}",article#mini-post-319964 > div:nth-of-type(2) > a > img,,,avatar avatar-80 photo avatar-default,,True,False,0,0,a
https://css-tricks.com/,media,img,"{'loading': 'lazy', 'alt': '', 'src': 'https://css-tricks.com/wp-content/cache/breeze-extra/gravatars/a98a3bb425ff796d7bfc1496b4dec98b', 'srcset': 'https://css-tricks.com/wp-content/cache/breeze-extra/gravatars/a98a3bb425ff796d7bfc1496b4dec98b 2x', 'class': 'avatar avatar-80 photo', 'height': '80', 'width': '80'}",,True,"{'x': 1315.9375, 'y': 3963.565185546875, 'width': 40, 'height': 40}",article#mini-post-363766 > div:nth-of-type(2) > a > img,,,avatar avatar-80 photo,,True,False,0,0,a
https://css-tricks.com/,media,img,"{'loading': 'lazy', 'alt': '', 'src': 'https://css-tricks.com/wp-content/cache/breeze-extra/gravatars/b5938a61130749fe0c1ec823c7d3ee98', 'srcset': 'https://css-tricks.com/wp-content/cache/breeze-extra/gravatars/b5938a61130749fe0c1ec823c7d3ee98 2x', 'class': 'avatar avatar-80 photo', 'height': '80', 'width': '80'}",,True,"{'x': 1501.9317626953125, 'y': 3986.4345703125, 'width': 40, 'height': 40}",article#mini-post-361210 > div:nth-of-type(2) > a > img,,,avatar avatar-80 photo,,True,False,0,0,a
https://css-tricks.com/,media,img,"{'loading': 'lazy', 'alt': '', 'src': 'https://css-tricks.com/wp-content/cache/breeze-extra/gravatars/188a9d4deb76ac6e69c7f65358897476', 'srcset': 'https://css-tricks.com/wp-content/cache/breeze-extra/gravatars/188a9d4deb76ac6e69c7f65358897476 2x', 'class': 'avatar avatar-80 photo', 'height': '80', 'width': '80'}",,True,"{'x': 1687.926025390625, 'y': 3963.565185546875, 'width': 40, 'height': 40}",article#mini-post-307668 > div:nth-of-type(2) > a > img,,,avatar avatar-80 photo,,True,False,0,0,a
https://css-tricks.com/,media,img,"{'loading': 'lazy', 'alt': '', 'src': 'https://css-tricks.com/wp-content/cache/breeze-extra/gravatars/ac0d6274a6cea04669e66a20ec0ea204', 'srcset': 'https://css-tricks.com/wp-content/cache/breeze-extra/gravatars/ac0d6274a6cea04669e66a20ec0ea204 2x', 'class': 'avatar avatar-80 photo', 'height': '80', 'width': '80'}",,True,"{'x': 1873.92041015625, 'y': 3939.5595703125, 'width': 40, 'height': 40}",article#mini-post-325490 > div > a > img,,,avatar avatar-80 photo,,True,False,0,0,a
https://css-tricks.com/,media,img,"{'loading': 'lazy', 'alt': '', 'src': 'https://css-tricks.com/wp-content/cache/breeze-extra/gravatars/8081b26e05bb4354f7d65ffc34cbbd67', 'srcset': 'https://css-tricks.com/wp-content/cache/breeze-extra/gravatars/8081b26e05bb4354f7d65ffc34cbbd67 2x', 'class': 'avatar avatar-80 photo', 'height': '80', 'width': '80'}",,True,"{'x': 2059.914794921875, 'y': 3986.4345703125, 'width': 40, 'height': 40}",article#mini-post-333595 > div:nth-of-type(2) > a > img,,,avatar avatar-80 photo,,True,False,0,0,a
https://css-tricks.com/,media,img,"{'loading': 'lazy', 'data-recalc-dims': '1', 'decoding': 'async', 'alt': '', 'class': 'avatar avatar-80 photo avatar-default', 'height': '80', 'src': 'https://i0.wp.com/css-tricks.com/wp-content/cache/breeze-extra/gravatars/32795085-80x80.png?resize=80%2C80&ssl=1', 'width': '80'}",,True,"{'x': 2245.908935546875, 'y': 3963.565185546875, 'width': 40, 'height': 40}",article#mini-post-312285 > div:nth-of-type(2) > a > img,,,avatar avatar-80 photo avatar-default,,True,False,0,0,a
https://css-tricks.com/,media,img,"{'loading': 'lazy', 'alt': '', 'src': 'https://css-tricks.com/wp-content/cache/breeze-extra/gravatars/8081b26e05bb4354f7d65ffc34cbbd67', 'srcset': 'https://css-tricks.com/wp-content/cache/breeze-extra/gravatars/8081b26e05bb4354f7d65ffc34cbbd67 2x', 'class': 'avatar avatar-80 photo', 'height': '80', 'width': '80'}",,True,"{'x': 2431.9033203125, 'y': 4002.443115234375, 'width': 40, 'height': 40}",article#mini-post-302917 > div:nth-of-type(2) > a > img,,,avatar avatar-80 photo,,True,False,0,0,a
https://css-tricks.com/,media,img,"{'loading': 'lazy', 'data-recalc-dims': '1', 'decoding': 'async', 'alt': '', 'class': 'avatar avatar-80 photo avatar-default', 'height': '80', 'src': 'https://i0.wp.com/css-tricks.com/wp-content/cache/breeze-extra/gravatars/juan-diego-rodriguez-80x80.png?resize=80%2C80&ssl=1', 'width': '80'}",,True,"{'x': 385.96588134765625, 'y': 4590.28369140625, 'width': 40, 'height': 40}",article#mini-post-382993 > div:nth-of-type(2) > a > img,,,avatar avatar-80 photo avatar-default,,True,False,0,0,a
https://css-tricks.com/,media,img,"{'loading': 'lazy', 'alt': '', 'src': 'https://css-tricks.com/wp-content/cache/breeze-extra/gravatars/ac0d6274a6cea04669e66a20ec0ea204', 'srcset': 'https://css-tricks.com/wp-content/cache/breeze-extra/gravatars/ac0d6274a6cea04669e66a20ec0ea204 2x', 'class': 'avatar avatar-80 photo', 'height': '80', 'width': '80'}",,True,"{'x': 571.960205078125, 'y': 4590.28369140625, 'width': 40, 'height': 40}",article#mini-post-235175 > div:nth-of-type(2) > a > img,,,avatar avatar-80 photo,,True,False,0,0,a
https://css-tricks.com/,media,img,"{'loading': 'lazy', 'alt': '', 'src': 'https://css-tricks.com/wp-content/cache/breeze-extra/gravatars/ede12de9a039384052b2634a3f104253', 'srcset': 'https://css-tricks.com/wp-content/cache/breeze-extra/gravatars/ede12de9a039384052b2634a3f104253 2x', 'class': 'avatar avatar-80 photo', 'height': '80', 'width': '80'}",,True,"{'x': 757.9545288085938, 'y': 4590.28369140625, 'width': 40, 'height': 40}",article#mini-post-383045 > div:nth-of-type(2) > a > img,,,avatar avatar-80 photo,,True,False,0,0,a
https://css-tricks.com/,media,img,"{'loading': 'lazy', 'alt': '', 'src': 'https://css-tricks.com/wp-content/cache/breeze-extra/gravatars/ac0d6274a6cea04669e66a20ec0ea204', 'srcset': 'https://css-tricks.com/wp-content/cache/breeze-extra/gravatars/ac0d6274a6cea04669e66a20ec0ea204 2x', 'class': 'avatar avatar-80 photo', 'height': '80', 'width': '80'}",,True,"{'x': 943.9488525390625, 'y': 4566.2783203125, 'width': 40, 'height': 40}",article#mini-post-383264 > div > a > img,,,avatar avatar-80 photo,,True,False,0,0,a
https://css-tricks.com/,media,img,"{'loading': 'lazy', 'data-recalc-dims': '1', 'decoding': 'async', 'alt': '', 'class': 'avatar avatar-80 photo avatar-default', 'height': '80', 'src': 'https://i0.wp.com/css-tricks.com/wp-content/cache/breeze-extra/gravatars/Ando1-80x80.jpg?resize=80%2C80&ssl=1', 'width': '80'}",,True,"{'x': 1129.943115234375, 'y': 4590.28369140625, 'width': 40, 'height': 40}",article#mini-post-383311 > div:nth-of-type(2) > a > img,,,avatar avatar-80 photo avatar-default,,True,False,0,0,a
https://css-tricks.com/,media,img,"{'loading': 'lazy', 'data-recalc-dims': '1', 'decoding': 'async', 'alt': '', 'class': 'avatar avatar-80 photo avatar-default', 'height': '80', 'src': 'https://i0.wp.com/css-tricks.com/wp-content/cache/breeze-extra/gravatars/juan-diego-rodriguez-80x80.png?resize=80%2C80&ssl=1', 'width': '80'}",,True,"{'x': 1315.9375, 'y': 4590.28369140625, 'width': 40, 'height': 40}",article#mini-post-382931 > div:nth-of-type(2) > a > img,,,avatar avatar-80 photo avatar-default,,True,False,0,0,a
https://css-tricks.com/,media,img,"{'loading': 'lazy', 'data-recalc-dims': '1', 'decoding': 'async', 'alt': '', 'class': 'avatar avatar-80 photo avatar-default', 'height': '80', 'src': 'https://i0.wp.com/css-tricks.com/wp-content/cache/breeze-extra/gravatars/juan-diego-rodriguez-80x80.png?resize=80%2C80&ssl=1', 'width': '80'}",,True,"{'x': 1501.9317626953125, 'y': 4590.28369140625, 'width': 40, 'height': 40}",article#mini-post-382462 > div:nth-of-type(2) > a > img,,,avatar avatar-80 photo avatar-default,,True,False,0,0,a
https://css-tricks.com/,media,img,"{'loading': 'lazy', 'data-recalc-dims': '1', 'decoding': 'async', 'alt': '', 'class': 'avatar avatar-80 photo avatar-default', 'height': '80', 'src': 'https://i0.wp.com/css-tricks.com/wp-content/cache/breeze-extra/gravatars/juan-diego-rodriguez-80x80.png?resize=80%2C80&ssl=1', 'width': '80'}",,True,"{'x': 1687.926025390625, 'y': 4590.28369140625, 'width': 40, 'height': 40}",article#mini-post-380274 > div:nth-of-type(2) > a > img,,,avatar avatar-80 photo avatar-default,,True,False,0,0,a
https://css-tricks.com/,media,img,"{'loading': 'lazy', 'data-recalc-dims': '1', 'decoding': 'async', 'alt': '', 'class': 'avatar avatar-80 photo avatar-default', 'height': '80', 'src': 'https://i0.wp.com/css-tricks.com/wp-content/cache/breeze-extra/gravatars/juan-diego-rodriguez-80x80.png?resize=80%2C80&ssl=1', 'width': '80'}",,True,"{'x': 1873.92041015625, 'y': 4590.28369140625, 'width': 40, 'height': 40}",article#mini-post-382393 > div:nth-of-type(2) > a > img,,,avatar avatar-80 photo avatar-default,,True,False,0,0,a
https://css-tricks.com/,media,img,"{'loading': 'lazy', 'data-recalc-dims': '1', 'decoding': 'async', 'alt': '', 'class': 'avatar avatar-80 photo avatar-default', 'height': '80', 'src': 'https://i0.wp.com/css-tricks.com/wp-content/cache/breeze-extra/gravatars/juan-diego-rodriguez-80x80.png?resize=80%2C80&ssl=1', 'width': '80'}",,True,"{'x': 2059.914794921875, 'y': 4590.28369140625, 'width': 40, 'height': 40}",article#mini-post-380066 > div:nth-of-type(2) > a > img,,,avatar avatar-80 photo avatar-default,,True,False,0,0,a
https://css-tricks.com/,media,img,"{'loading': 'lazy', 'data-recalc-dims': '1', 'decoding': 'async', 'alt': '', 'class': 'avatar avatar-80 photo avatar-default', 'height': '80', 'src': 'https://i0.wp.com/css-tricks.com/wp-content/cache/breeze-extra/gravatars/juan-diego-rodriguez-80x80.png?resize=80%2C80&ssl=1', 'width': '80'}",,True,"{'x': 2245.908935546875, 'y': 4590.28369140625, 'width': 40, 'height': 40}",article#mini-post-380083 > div:nth-of-type(2) > a > img,,,avatar avatar-80 photo avatar-default,,True,False,0,0,a
https://css-tricks.com/,media,img,"{'loading': 'lazy', 'data-recalc-dims': '1', 'decoding': 'async', 'alt': '', 'class': 'avatar avatar-80 photo avatar-default', 'height': '80', 'src': 'https://i0.wp.com/css-tricks.com/wp-content/cache/breeze-extra/gravatars/juan-diego-rodriguez-80x80.png?resize=80%2C80&ssl=1', 'width': '80'}",,True,"{'x': 2431.9033203125, 'y': 4590.28369140625, 'width': 40, 'height': 40}",article#mini-post-379899 > div:nth-of-type(2) > a > img,,,avatar avatar-80 photo avatar-default,,True,False,0,0,a
https://css-tricks.com/,media,img,"{'loading': 'lazy', 'data-recalc-dims': '1', 'decoding': 'async', 'alt': '', 'class': 'avatar avatar-80 photo avatar-default', 'height': '80', 'src': 'https://i0.wp.com/css-tricks.com/wp-content/cache/breeze-extra/gravatars/juan-diego-rodriguez-80x80.png?resize=80%2C80&ssl=1', 'width': '80'}",,True,"{'x': 2617.897705078125, 'y': 4617.47119140625, 'width': 40, 'height': 40}",article#mini-post-379684 > div:nth-of-type(2) > a > img,,,avatar avatar-80 photo avatar-default,,True,False,0,0,a
https://css-tricks.com/,media,img,"{'src': 'https://consent.trustarc.com/get?name=css-tricks.com_cookie-notice.png', 'style': 'width:auto;height:40px;'}",,True,"{'x': 1203.6363525390625, 'y': 597.0028076171875, 'width': 40, 'height': 40}",a#icon-id07094709643671882 > img,,,,,True,False,0,0,a
https://css-tricks.com/,media,img,"{'src': 'https://pixel.wp.com/g.gif?v=ext&blog=45537868&post=378936&tz=-7&srv=css-tricks.com&j=1%3A14.1&host=css-tricks.com&ref=&fcp=1668&rand=0.36153204997855726', 'alt': '', 'width': '6', 'height': '5', 'id': 'wpstats'}",,False,,img#wpstats,,,,wpstats,False,False,0,0,body
https://css-tricks.com/,navigation,nav,"{'id': 'main-nav', 'class': 'main-nav', 'role': 'navigation'}","ARTICLES
NOTES
LINKS
GUIDES
ALMANAC
PICKS
SHUFFLE",True,"{'x': 418.9772644042969, 'y': 0, 'width': 796.6618957519531, 'height': 54.73011016845703}",nav#main-nav,navigation,,main-nav,main-nav,True,False,49,1,div
https://css-tricks.com/,navigation,nav,"{'id': 'footer-nav-digitalocean', 'class': 'footer-nav', 'role': 'navigation'}","About DO
Cloudways
Legal stuff
Get free credit!",True,"{'x': 47.99715805053711, 'y': 5215.32666015625, 'width': 279.91476821899414, 'height': 115.22705078125}",nav#footer-nav-digitalocean,navigation,,footer-nav,footer-nav-digitalocean,True,False,47,1,div
https://css-tricks.com/,navigation,nav,"{'id': 'footer-nav-csstricks', 'class': 'footer-nav', 'role': 'navigation'}","Contact
Write for CSS-Tricks!
Advertise with us",True,"{'x': 343.90625, 'y': 5215.32666015625, 'width': 279.91473388671875, 'height': 86.42041015625}",nav#footer-nav-csstricks,navigation,,footer-nav,footer-nav-csstricks,True,False,47,1,div
https://css-tricks.com/,navigation,nav,"{'id': 'footer-nav-social', 'class': 'footer-nav', 'role': 'navigation'}","RSS Feeds
CodePen
Mastodon
Bluesky",True,"{'x': 639.8153076171875, 'y': 5215.32666015625, 'width': 279.914794921875, 'height': 115.22705078125}",nav#footer-nav-social,navigation,,footer-nav,footer-nav-social,True,False,34,1,div
https://css-tricks.com/,navigation,nav,"{'id': 'main-nav', 'class': 'main-nav', 'role': 'navigation'}","ARTICLES
NOTES
LINKS
GUIDES
ALMANAC
PICKS
SHUFFLE",True,"{'x': 418.9772644042969, 'y': 0, 'width': 796.6618957519531, 'height': 54.73011016845703}",nav#main-nav,navigation,,main-nav,main-nav,True,False,49,1,div
https://css-tricks.com/,navigation,nav,"{'id': 'footer-nav-digitalocean', 'class': 'footer-nav', 'role': 'navigation'}","About DO
Cloudways
Legal stuff
Get free credit!",True,"{'x': 47.99715805053711, 'y': 5215.32666015625, 'width': 279.91476821899414, 'height': 115.22705078125}",nav#footer-nav-digitalocean,navigation,,footer-nav,footer-nav-digitalocean,True,False,47,1,div
https://css-tricks.com/,navigation,nav,"{'id': 'footer-nav-csstricks', 'class': 'footer-nav', 'role': 'navigation'}","Contact
Write for CSS-Tricks!
Advertise with us",True,"{'x': 343.90625, 'y': 5215.32666015625, 'width': 279.91473388671875, 'height': 86.42041015625}",nav#footer-nav-csstricks,navigation,,footer-nav,footer-nav-csstricks,True,False,47,1,div
https://css-tricks.com/,navigation,nav,"{'id': 'footer-nav-social', 'class': 'footer-nav', 'role': 'navigation'}","RSS Feeds
CodePen
Mastodon
Bluesky",True,"{'x': 639.8153076171875, 'y': 5215.32666015625, 'width': 279.914794921875, 'height': 115.22705078125}",nav#footer-nav-social,navigation,,footer-nav,footer-nav-social,True,False,34,1,div
https://css-tricks.com/,navigation,nav,"{'id': 'main-nav', 'class': 'main-nav', 'role': 'navigation'}","ARTICLES
NOTES
LINKS
GUIDES
ALMANAC
PICKS
SHUFFLE",True,"{'x': 418.9772644042969, 'y': 0, 'width': 796.6618957519531, 'height': 54.73011016845703}",nav#main-nav,navigation,,main-nav,main-nav,True,False,49,1,div
https://css-tricks.com/,content,article,"{'class': 'article-card  article-card-large', 'id': 'post-383295'}","Direct link to the article Thank You (2024 Edition)
THANK-YOU
Thank You (2024 Edition)

I’m more thankful this time around because, last year, I didn’t even get to write this post. But now that I’m back, writing this feels so, so, so good. There’s a lot more gusto going into my writing when I say: thank you so very much! Let’s tie a bow on this year and round up what happened around here in 2024.

Geoff Graham on Dec 30, 2024",True,"{'x': 47.99715805053711, 'y': 103.63636016845703, 'width': 1167.642002105713, 'height': 497.8267135620117}",article#post-383295,,,article-card  article-card-large,post-383295,True,False,429,2,main
https://css-tricks.com/,content,article,"{'class': 'mini-card module module-article links', 'id': 'mini-post-382956'}","Link on Dec 6, 2024
Knowing CSS is Mastery to Frontend Development
CSS FUNDAMENTALS
Geoff Graham",True,"{'x': 345.9801025390625, 'y': 649.460205078125, 'width': 300, 'height': 300}",article#mini-post-382956,,,mini-card module module-article links,mini-post-382956,True,False,96,4,div
https://css-tricks.com/,content,article,"{'class': 'mini-card module module-article articles', 'id': 'mini-post-382731'}","Article on Dec 4, 2024
One of Those “Onboarding” UIs, With Anchor Positioning
ANCHOR POSITIONING
Ryan Trimble",True,"{'x': 531.9744262695312, 'y': 649.460205078125, 'width': 300, 'height': 300}",article#mini-post-382731,,,mini-card module module-article articles,mini-post-382731,True,False,109,4,div
https://css-tricks.com/,content,article,"{'class': 'mini-card module module-article articles', 'id': 'mini-post-382893'}","Article on Dec 9, 2024
Yet Another Anchor Positioning Quirk
ANCHOR POSITIONING
Juan Diego Rodríguez",True,"{'x': 717.96875, 'y': 649.460205078125, 'width': 299.99993896484375, 'height': 300}",article#mini-post-382893,,,mini-card module module-article articles,mini-post-382893,True,False,99,4,div
https://css-tricks.com/,content,article,"{'class': 'mini-card module module-article articles', 'id': 'mini-post-382846'}","Article on Dec 4, 2024
The Law of Diminishing Returns
INSPIRATION
Geoff Graham",True,"{'x': 903.9630126953125, 'y': 649.460205078125, 'width': 300, 'height': 300}",article#mini-post-382846,,,mini-card module module-article articles,mini-post-382846,True,False,78,4,div
https://css-tricks.com/,content,article,"{'class': 'mini-card module module-article articles', 'id': 'mini-post-382363'}","Article on Dec 12, 2024
The Different (and Modern) Ways to Toggle Content
DETAILS DIALOG POPOVER
Daniel Schwarz",True,"{'x': 1089.9573974609375, 'y': 649.460205078125, 'width': 300, 'height': 300}",article#mini-post-382363,,,mini-card module module-article articles,mini-post-382363,True,False,111,4,div
https://css-tricks.com/,content,article,"{'class': 'mini-card module module-article articles', 'id': 'mini-post-382039'}","Article on Oct 29, 2024
Come to the light-dark() Side
DARK MODE FUNCTIONS UI/IX DESIGN
Sara Joy",True,"{'x': 1275.95166015625, 'y': 649.460205078125, 'width': 300, 'height': 300}",article#mini-post-382039,,,mini-card module module-article articles,mini-post-382039,True,False,95,4,div
https://css-tricks.com/,content,article,"{'class': 'mini-card module module-article articles', 'id': 'mini-post-382082'}","Article on Oct 29, 2024
Tooltip Best Practices
DIALOG POPOVER SEMANTICS
Zell Liew",True,"{'x': 1461.9459228515625, 'y': 649.460205078125, 'width': 300, 'height': 300}",article#mini-post-382082,,,mini-card module module-article articles,mini-post-382082,True,False,81,4,div
https://css-tricks.com/,content,article,"{'class': 'mini-card module module-article notes', 'id': 'mini-post-381613'}","Article on Nov 14, 2024
Unleash the Power of Scroll-Driven Animations
ANIMATION SCROLL DRIVEN ANIMATION
Geoff Graham",True,"{'x': 1647.9403076171875, 'y': 649.460205078125, 'width': 300, 'height': 300}",article#mini-post-381613,,,mini-card module module-article notes,mini-post-381613,True,False,116,4,div
https://css-tricks.com/,content,article,"{'class': 'mini-card module module-article articles', 'id': 'mini-post-382247'}","Article on Nov 6, 2024
Popping Comments With CSS Anchor Positioning and View-Driven Animations
ANCHOR POSITIONING SCROLL DRIVEN ANIMATION
Juan Diego Rodríguez",True,"{'x': 1833.9345703125, 'y': 649.460205078125, 'width': 300, 'height': 300}",article#mini-post-382247,,,mini-card module module-article articles,mini-post-382247,True,False,158,4,div
https://css-tricks.com/,content,article,"{'class': 'article-card ', 'id': 'post-383249'}","Direct link to the article A CSS Wishlist for 2025
OPINION
A CSS Wishlist for 2025

2024 has been one of the greatest years for CSS: cross-document view transitions, scroll-driven animations, anchor positioning, animate to height: […]

Juan Diego Rodríguez on Dec 23, 2024",True,"{'x': 47.99715805053711, 'y': 1133.536865234375, 'width': 819.6448707580566, 'height': 315}",article#post-383249,,,article-card ,post-383249,True,False,272,2,div
https://css-tricks.com/,content,article,"{'class': 'article-card ', 'id': 'post-383224'}","Direct link to the article The Little Triangle in the Tooltip
TOOLTIP
The Little Triangle in the Tooltip

Today, I want to focus on what I’ll call the little triangle in the tooltip. It receives minimal attention but it amazes you by how many ways there are to make them. Let’s start with the simplest and make our way up to the not-so-simple.

Juan Diego Rodríguez on Dec 20, 2024",True,"{'x': 47.99715805053711, 'y': 1496.5340576171875, 'width': 819.6448707580566, 'height': 315}",article#post-383224,,,article-card ,post-383224,True,False,381,2,div
https://css-tricks.com/,content,article,"{'class': 'article-card ', 'id': 'post-382857'}","Direct link to the article How to Create Multi-Step Forms With Vanilla JavaScript and CSS
FORMS
How to Create Multi-Step Forms With Vanilla JavaScript and CSS

When was the last time you developed a multi-step form? There’s so much to think about and so many moving pieces that need to be managed. But doing it by hand can be a good exercise and a great way to polish the basics. Fatuma Abdullaho walks you through her first multi-step form using vanilla HTML, CSS, and JavaScript.

Fatuma Abdullaho on Dec 18, 2024",True,"{'x': 47.99715805053711, 'y': 1859.5311279296875, 'width': 819.6448707580566, 'height': 418.5794677734375}",article#post-382857,,,article-card ,post-382857,True,False,515,2,div
https://css-tricks.com/,content,article,"{'class': 'article-card ', 'id': 'post-383250'}","Direct link to the article What ELSE is on your CSS wishlist?
CSS
What ELSE is on your CSS wishlist?

What else do we want or need CSS to do? Chris kept a CSS wishlist, going back as far as 2013 and following back up on it in 2019. We all have things we’d like to see CSS do and we always will no matter how many sparkly new features we get. We’ll round things up and put a list together — so let us know!

Geoff Graham on Dec 17, 2024",True,"{'x': 47.99715805053711, 'y': 2326.10791015625, 'width': 819.6448707580566, 'height': 356.9033203125}",article#post-383250,,,article-card ,post-383250,True,False,435,2,div
https://css-tricks.com/,content,article,"{'class': 'article-card ', 'id': 'post-382867'}","Direct link to the article Fluid Superscripts and Subscripts
TYPOGRAPHY
Fluid Superscripts and Subscripts

How much attention do you pay to the alignments of your subscripts and superscripts? Lorenz Wöehr has you covered with a recipe for fluid scaling.

Lorenz Woehr on Dec 12, 2024",True,"{'x': 47.99715805053711, 'y': 2731.008544921875, 'width': 819.6448707580566, 'height': 314.999755859375}",article#post-382867,,,article-card ,post-382867,True,False,283,2,div
https://css-tricks.com/,content,article,{},"One day I’d love to publish a note in one of the CSS specs that’s like this one I found for interpolate-size: NOTE: If we had a time machine, this property wouldn’t need to exist.

# December 13, 2024",True,"{'x': 915.63916015625, 'y': 1102.04541015625, 'width': 300, 'height': 210.8807373046875}",main#maincontent > div:nth-of-type(2) > div:nth-of-type(2) > div:nth-of-type(2) > article,,,,,True,False,200,2,div
https://css-tricks.com/,content,article,{},"The CSSWG just approved the new CSS logo! — “WG likes the logo and would like to officially endorse it, will investigate what that means” (Github Issue and CSSWG Minutes)

# December 12, 2024",True,"{'x': 915.63916015625, 'y': 1332.9261474609375, 'width': 300, 'height': 210.880615234375}",main#maincontent > div:nth-of-type(2) > div:nth-of-type(2) > div:nth-of-type(2) > article:nth-of-type(2),,,,,True,False,191,2,div
https://css-tricks.com/,content,article,{},"A big THANK YOU to Lea Verou for all the years of work in the Technical Architecture Group! The Web is better (and so are we) because of you.

# December 11, 2024",True,"{'x': 915.63916015625, 'y': 1563.8067626953125, 'width': 300, 'height': 182.3153076171875}",main#maincontent > div:nth-of-type(2) > div:nth-of-type(2) > div:nth-of-type(2) > article:nth-of-type(3),,,,,True,False,162,2,div
https://css-tricks.com/,content,article,{},"“Waits are a price that developers ask users to pay and loading spinners only buy so much time.” —Alex Russell (permalink)

# November 18, 2024",True,"{'x': 915.63916015625, 'y': 1766.1220703125, 'width': 300, 'height': 182.3153076171875}",main#maincontent > div:nth-of-type(2) > div:nth-of-type(2) > div:nth-of-type(2) > article:nth-of-type(4),,,,,True,False,143,2,div
https://css-tricks.com/,content,article,"{'class': 'mini-card module module-article ', 'id': 'mini-post-313469'}","Article on Oct 6, 2021
Scroll Animation
Chris Coyier",True,"{'x': 361.97442626953125, 'y': 3361.178955078125, 'width': 300, 'height': 300}",article#mini-post-313469,,,mini-card module module-article ,mini-post-313469,True,False,52,3,div
https://css-tricks.com/,content,article,"{'class': 'mini-card module module-article ', 'id': 'mini-post-303153'}","Article on Oct 6, 2021
Yellow Flash
Chris Coyier",True,"{'x': 547.96875, 'y': 3361.178955078125, 'width': 300, 'height': 300}",article#mini-post-303153,,,mini-card module module-article ,mini-post-303153,True,False,48,3,div
https://css-tricks.com/,content,article,"{'class': 'mini-card module module-article ', 'id': 'mini-post-254582'}","Article on Oct 6, 2021
Self-Drawing Shapes
Chris Coyier",True,"{'x': 733.9630126953125, 'y': 3361.178955078125, 'width': 300, 'height': 300}",article#mini-post-254582,,,mini-card module module-article ,mini-post-254582,True,False,55,3,div
https://css-tricks.com/,content,article,"{'class': 'mini-card module module-article ', 'id': 'mini-post-305914'}","Article on Oct 6, 2021
Scroll Shadows
Chris Coyier",True,"{'x': 919.9573364257812, 'y': 3361.178955078125, 'width': 300.00006103515625, 'height': 300}",article#mini-post-305914,,,mini-card module module-article ,mini-post-305914,True,False,50,3,div
https://css-tricks.com/,content,article,"{'class': 'mini-card module module-article ', 'id': 'mini-post-305930'}","Article on May 20, 2020
Editable Style Blocks
Chris Coyier",True,"{'x': 1105.95166015625, 'y': 3361.178955078125, 'width': 300, 'height': 300}",article#mini-post-305930,,,mini-card module module-article ,mini-post-305930,True,False,58,3,div
https://css-tricks.com/,content,article,"{'class': 'mini-card module module-article ', 'id': 'mini-post-304986'}","Article on Oct 6, 2021
Scroll Indicator
Chris Coyier",True,"{'x': 1291.9459228515625, 'y': 3361.178955078125, 'width': 300, 'height': 300}",article#mini-post-304986,,,mini-card module module-article ,mini-post-304986,True,False,52,3,div
https://css-tricks.com/,content,article,"{'class': 'mini-card module module-article ', 'id': 'mini-post-254474'}","Article on Mar 15, 2020
Border Triangles
Chris Coyier",True,"{'x': 1477.9403076171875, 'y': 3361.178955078125, 'width': 300, 'height': 300}",article#mini-post-254474,,,mini-card module module-article ,mini-post-254474,True,False,53,3,div
https://css-tricks.com/,content,article,"{'class': 'mini-card module module-article ', 'id': 'mini-post-311167'}","Article on Oct 3, 2021
Pin Scrolling to Bottom
Chris Coyier",True,"{'x': 1663.9345703125, 'y': 3361.178955078125, 'width': 300, 'height': 300}",article#mini-post-311167,,,mini-card module module-article ,mini-post-311167,True,False,59,3,div
https://css-tricks.com/,content,article,"{'class': 'mini-card module module-article ', 'id': 'mini-post-255104'}","Article on Jul 5, 2021
Infinite Scrolling Background Image
Chris Coyier",True,"{'x': 1849.928955078125, 'y': 3361.178955078125, 'width': 300, 'height': 300}",article#mini-post-255104,,,mini-card module module-article ,mini-post-255104,True,False,71,3,div
https://css-tricks.com/,content,article,"{'class': 'mini-card module module-article ', 'id': 'mini-post-381364'}","Article on Oct 7, 2024
CSS Anchor Positioning Guide
ANCHOR POSITIONING
Juan Diego Rodríguez",True,"{'x': 361.97442626953125, 'y': 3837.5283203125, 'width': 300, 'height': 300}",article#mini-post-381364,,,mini-card module module-article ,mini-post-381364,True,False,91,4,div
https://css-tricks.com/,content,article,"{'class': 'mini-card module module-article ', 'id': 'mini-post-378745'}","Article on Sep 6, 2024
CSS Selectors
SELECTORS
Geoff Graham",True,"{'x': 547.96875, 'y': 3837.5283203125, 'width': 300, 'height': 300}",article#mini-post-378745,,,mini-card module module-article ,mini-post-378745,True,False,59,4,div
https://css-tricks.com/,content,article,"{'class': 'mini-card module module-article ', 'id': 'mini-post-375815'}","Article on Aug 27, 2024
CSS Length Units
CONTAINER UNITS UNITS
Geoff Graham",True,"{'x': 733.9630126953125, 'y': 3837.5283203125, 'width': 300, 'height': 300}",article#mini-post-375815,,,mini-card module module-article ,mini-post-375815,True,False,75,4,div
https://css-tricks.com/,content,article,"{'class': 'mini-card module module-article ', 'id': 'mini-post-378111'}","Article on Sep 26, 2024
CSS Container Queries
CONTAINER-QUERIES
Geoff Graham",True,"{'x': 919.9573364257812, 'y': 3837.5283203125, 'width': 300.00006103515625, 'height': 300}",article#mini-post-378111,,,mini-card module module-article ,mini-post-378111,True,False,76,4,div
https://css-tricks.com/,content,article,"{'class': 'mini-card module module-article ', 'id': 'mini-post-319964'}","Article on Dec 19, 2024
CSS Media Queries Guide
MEDIA QUERIES
Andrés Galante",True,"{'x': 1105.95166015625, 'y': 3837.5283203125, 'width': 300, 'height': 300}",article#mini-post-319964,,,mini-card module module-article ,mini-post-319964,True,False,76,4,div
https://css-tricks.com/,content,article,"{'class': 'mini-card module module-article ', 'id': 'mini-post-363766'}","Article on Oct 17, 2024
Cascade Layers Guide
CASCADE LAYERS
Miriam Suzanne",True,"{'x': 1291.9459228515625, 'y': 3837.5283203125, 'width': 300, 'height': 300}",article#mini-post-363766,,,mini-card module module-article ,mini-post-363766,True,False,74,4,div
https://css-tricks.com/,content,article,"{'class': 'mini-card module module-article  module-sponsored', 'id': 'mini-post-361210'}","Sponsored Article on Jan 20, 2022
A Complete Beginner’s Guide to npm
NPM
Josh Collinsworth",True,"{'x': 1477.9403076171875, 'y': 3837.5283203125, 'width': 300, 'height': 300}",article#mini-post-361210,,,mini-card module module-article  module-sponsored,mini-post-361210,True,False,90,4,div
https://css-tricks.com/,content,article,"{'class': 'mini-card module module-article ', 'id': 'mini-post-307668'}","Article on Aug 12, 2024
CSS Functions Guide
FUNCTIONS
Eric Bailey",True,"{'x': 1663.9345703125, 'y': 3837.5283203125, 'width': 300, 'height': 300}",article#mini-post-307668,,,mini-card module module-article ,mini-post-307668,True,False,65,4,div
https://css-tricks.com/,content,article,"{'class': 'mini-card module module-article ', 'id': 'mini-post-325490'}","Article on Aug 12, 2024
CSS Gradients Guide
Geoff Graham",True,"{'x': 1849.928955078125, 'y': 3837.5283203125, 'width': 300, 'height': 300}",article#mini-post-325490,,,mini-card module module-article ,mini-post-325490,True,False,56,3,div
https://css-tricks.com/,content,article,"{'class': 'mini-card module module-article ', 'id': 'mini-post-333595'}","Article on Oct 17, 2024
CSS Custom Properties Guide
CUSTOM PROPERTIES
Chris Coyier",True,"{'x': 2035.9232177734375, 'y': 3837.5283203125, 'width': 299.9998779296875, 'height': 300}",article#mini-post-333595,,,mini-card module module-article ,mini-post-333595,True,False,82,4,div
https://css-tricks.com/,content,article,"{'class': 'mini-card module module-article ', 'id': 'mini-post-312285'}","Article on Aug 12, 2024
Dark Mode in CSS Guide
DARK MODE
Adhuham",True,"{'x': 2221.91748046875, 'y': 3837.5283203125, 'width': 300, 'height': 300}",article#mini-post-312285,,,mini-card module module-article ,mini-post-312285,True,False,64,4,div
https://css-tricks.com/,content,article,"{'class': 'mini-card module module-article ', 'id': 'mini-post-302917'}","Article on Aug 12, 2024
HTML Data Attributes Guide
ATTRIBUTE SELECTORS ATTRIBUTES DATA ATTRIBUTES HTML
Chris Coyier",True,"{'x': 2407.911865234375, 'y': 3837.5283203125, 'width': 300, 'height': 300}",article#mini-post-302917,,,mini-card module module-article ,mini-post-302917,True,False,115,4,div
https://css-tricks.com/,content,article,"{'class': 'mini-card module module-article ', 'id': 'mini-post-382993'}","Almanac on Dec 16, 2024
transition-behavior
dialog { transition-behavior: allow-discrete; }
TRANSITIONS
Juan Diego Rodríguez",True,"{'x': 361.97442626953125, 'y': 4313.8779296875, 'width': 300, 'height': 372.00244140625}",article#mini-post-382993,,,mini-card module module-article ,mini-post-382993,True,False,124,5,div
https://css-tricks.com/,content,article,"{'class': 'mini-card module module-article ', 'id': 'mini-post-235175'}","Almanac on Dec 16, 2024
font-size-adjust
.element { font-size-adjust: .5; }
TYPOGRAPHY
Geoff Graham",True,"{'x': 547.96875, 'y': 4313.8779296875, 'width': 300, 'height': 372.00244140625}",article#mini-post-235175,,,mini-card module module-article ,mini-post-235175,True,False,99,5,div
https://css-tricks.com/,content,article,"{'class': 'mini-card module module-article ', 'id': 'mini-post-383045'}","Almanac on Dec 20, 2024
box-decoration-break
.element { box-decoration-break: clone; }
LINKS & URLS
Daniel Schwarz",True,"{'x': 733.9630126953125, 'y': 4313.8779296875, 'width': 300, 'height': 372.00244140625}",article#mini-post-383045,,,mini-card module module-article ,mini-post-383045,True,False,114,5,div
https://css-tricks.com/,content,article,"{'class': 'mini-card module module-article ', 'id': 'mini-post-383264'}","Almanac on Dec 20, 2024
prefers-reduced-motion
@media screen and (prefers-reduced-motion: reduce) { }
Geoff Graham",True,"{'x': 919.9573364257812, 'y': 4313.8779296875, 'width': 300.00006103515625, 'height': 372.00244140625}",article#mini-post-383264,,,mini-card module module-article ,mini-post-383264,True,False,114,4,div
https://css-tricks.com/,content,article,"{'class': 'mini-card module module-article ', 'id': 'mini-post-383311'}","Almanac on Dec 20, 2024
@media
@media screen and (min-width: 600px) { }
MEDIA QUERIES
Andrés Galante",True,"{'x': 1105.95166015625, 'y': 4313.8779296875, 'width': 300, 'height': 372.00244140625}",article#mini-post-383311,,,mini-card module module-article ,mini-post-383311,True,False,100,5,div
https://css-tricks.com/,content,article,"{'class': 'mini-card module module-article ', 'id': 'mini-post-382931'}","Almanac on Dec 13, 2024
@starting-style
@starting-style { opacity: 0; }
ANIMATION
Juan Diego Rodríguez",True,"{'x': 1291.9459228515625, 'y': 4313.8779296875, 'width': 300, 'height': 372.00244140625}",article#mini-post-382931,,,mini-card module module-article ,mini-post-382931,True,False,102,5,div
https://css-tricks.com/,content,article,"{'class': 'mini-card module module-article ', 'id': 'mini-post-382462'}","Almanac on Nov 18, 2024
@scope
@scope (.container) to (.article) { /* */ }
AT-RULES SCOPING
Juan Diego Rodríguez",True,"{'x': 1477.9403076171875, 'y': 4313.8779296875, 'width': 300, 'height': 372.00244140625}",article#mini-post-382462,,,mini-card module module-article ,mini-post-382462,True,False,112,5,div
https://css-tricks.com/,content,article,"{'class': 'mini-card module module-article ', 'id': 'mini-post-380274'}","Almanac on Dec 9, 2024
@position-try
@position-try --my-position { position-area: top left; }
ANCHOR POSITIONING POSITION
Juan Diego Rodríguez",True,"{'x': 1663.9345703125, 'y': 4313.8779296875, 'width': 300, 'height': 372.00244140625}",article#mini-post-380274,,,mini-card module module-article ,mini-post-380274,True,False,142,5,div
https://css-tricks.com/,content,article,"{'class': 'mini-card module module-article ', 'id': 'mini-post-382393'}","Almanac on Dec 12, 2024
anchor-scope
.element { anchor-scope: --anchor-one, --anchor-two; }
ANCHOR POSITIONING
Juan Diego Rodríguez",True,"{'x': 1849.928955078125, 'y': 4313.8779296875, 'width': 300, 'height': 372.00244140625}",article#mini-post-382393,,,mini-card module module-article ,mini-post-382393,True,False,131,5,div
https://css-tricks.com/,content,article,"{'class': 'mini-card module module-article ', 'id': 'mini-post-380066'}","Almanac on Dec 9, 2024
anchor()
.target { top: anchor(--my-anchor bottom); }
ANCHOR POSITIONING POSITIONING
Juan Diego Rodríguez",True,"{'x': 2035.9232177734375, 'y': 4313.8779296875, 'width': 299.9998779296875, 'height': 372.00244140625}",article#mini-post-380066,,,mini-card module module-article ,mini-post-380066,True,False,128,5,div
https://css-tricks.com/,content,article,"{'class': 'mini-card module module-article ', 'id': 'mini-post-380083'}","Almanac on Sep 18, 2024
anchor-size()
.target { width: anchor-size(width); }
ANCHOR POSITIONING POSITIONING
Juan Diego Rodríguez",True,"{'x': 2221.91748046875, 'y': 4313.8779296875, 'width': 300, 'height': 372.00244140625}",article#mini-post-380083,,,mini-card module module-article ,mini-post-380083,True,False,128,5,div
https://css-tricks.com/,content,article,"{'class': 'mini-card module module-article ', 'id': 'mini-post-379899'}","Almanac on Dec 9, 2024
position-visibility
.target { position-visibility: no-overflow; }
ANCHOR POSITIONING POSITIONING
Juan Diego Rodríguez",True,"{'x': 2407.911865234375, 'y': 4313.8779296875, 'width': 300, 'height': 372.00244140625}",article#mini-post-379899,,,mini-card module module-article ,mini-post-379899,True,False,140,5,div
https://css-tricks.com/,content,article,"{'class': 'mini-card module module-article ', 'id': 'mini-post-379684'}","Almanac on Dec 9, 2024
position-try-fallbacks
.target { position-try-fallbacks: flip-inline, bottom left; }
ANCHOR POSITIONING
Juan Diego Rodríguez",True,"{'x': 2593.90625, 'y': 4313.8779296875, 'width': 300, 'height': 372.00244140625}",article#mini-post-379684,,,mini-card module module-article ,mini-post-379684,True,False,147,5,div
https://css-tricks.com/,content,p,{'class': 'header-card-sponsor'},Timeless CSS gems,True,"{'x': 87.98294830322266, 'y': 3664.360595703125, 'width': 202.01705169677734, 'height': 27.1875}",html#top-of-site > body > div:nth-of-type(2) > section > div > div > p,,,header-card-sponsor,,True,False,17,0,div
https://css-tricks.com/,content,p,{'class': 'header-card-sponsor'},Dive deep into CSS features and concepts,True,"{'x': 87.98294830322266, 'y': 4113.5224609375, 'width': 202.01705169677734, 'height': 54.375}",html#top-of-site > body > div:nth-of-type(2) > section > div:nth-of-type(2) > div > p,,,header-card-sponsor,,True,False,40,0,div
https://css-tricks.com/,content,p,{'class': 'header-card-sponsor'},"Properties, selectors, rules, and functions!",True,"{'x': 87.98294830322266, 'y': 4661.875, 'width': 202.01705169677734, 'height': 54.375}",html#top-of-site > body > div:nth-of-type(2) > section > div:nth-of-type(3) > div > p,,,header-card-sponsor,,True,False,44,0,div
https://css-tricks.com/,content,p,{},"I’m more thankful this time around because, last year, I didn’t even get to write this post. But now that I’m back, writing this feels so, so, so good. There’s a lot more gusto going into my writing when I say: thank you so very much! Let’s tie a bow on this year and round up what happened around here in 2024.",True,"{'x': 679.8153076171875, 'y': 305.1988525390625, 'width': 487.82666015625, 'height': 195.85226440429688}",article#post-383295 > div:nth-of-type(2) > div > p,,,,,True,False,311,0,div
https://css-tricks.com/,content,p,{'class': 'header-card-sponsor'},"Powered by
DigitalOcean",True,"{'x': 71.98863220214844, 'y': 925.4545288085938, 'width': 202.0170440673828, 'height': 54.375}",main#maincontent > div > div > p,,,header-card-sponsor,,True,False,23,2,div
https://css-tricks.com/,content,p,{},"2024 has been one of the greatest years for CSS: cross-document view transitions, scroll-driven animations, anchor positioning, animate to height: […]",True,"{'x': 399.84375, 'y': 1243.60791015625, 'width': 443.7926025390625, 'height': 81.5625}",article#post-383249 > div:nth-of-type(2) > div > p,,,,,True,False,150,0,div
https://css-tricks.com/,content,p,{},"Today, I want to focus on what I’ll call the little triangle in the tooltip. It receives minimal attention but it amazes you by how many ways there are to make them. Let’s start with the simplest and make our way up to the not-so-simple.",True,"{'x': 399.84375, 'y': 1606.6051025390625, 'width': 443.7926025390625, 'height': 108.75}",article#post-383224 > div:nth-of-type(2) > div > p,,,,,True,False,237,0,div
https://css-tricks.com/,content,p,{},"When was the last time you developed a multi-step form? There’s so much to think about and so many moving pieces that need to be managed. But doing it by hand can be a good exercise and a great way to polish the basics. Fatuma Abdullaho walks you through her first multi-step form using vanilla HTML, CSS, and JavaScript.",True,"{'x': 399.84375, 'y': 2038.5794677734375, 'width': 443.7926025390625, 'height': 163.1248779296875}",article#post-382857 > div:nth-of-type(2) > div > p,,,,,True,False,321,0,div
https://css-tricks.com/,content,p,{},"What else do we want or need CSS to do? Chris kept a CSS wishlist, going back as far as 2013 and following back up on it in 2019. We all have things we’d like to see CSS do and we always will no matter how many sparkly new features we get. We’ll round things up and put a list together — so let us know!",True,"{'x': 399.84375, 'y': 2470.66748046875, 'width': 443.7926025390625, 'height': 135.9375}",article#post-383250 > div:nth-of-type(2) > div > p,,,,,True,False,303,0,div
https://css-tricks.com/,content,p,{},How much attention do you pay to the alignments of your subscripts and superscripts? Lorenz Wöehr has you covered with a recipe for fluid scaling.,True,"{'x': 399.84375, 'y': 2875.568115234375, 'width': 443.7926025390625, 'height': 81.5625}",article#post-382867 > div:nth-of-type(2) > div > p,,,,,True,False,146,0,div
https://css-tricks.com/,content,p,{},"One day I’d love to publish a note in one of the CSS specs that’s like this one I found for interpolate-size: NOTE: If we had a time machine, this property wouldn’t need to exist.",True,"{'x': 931.6334838867188, 'y': 1118.9488525390625, 'width': 268.01141357421875, 'height': 142.82666015625}",main#maincontent > div:nth-of-type(2) > div:nth-of-type(2) > div:nth-of-type(2) > article > div > p,,,,,True,False,179,2,div
https://css-tricks.com/,content,p,{},"The CSSWG just approved the new CSS logo! — “WG likes the logo and would like to officially endorse it, will investigate what that means” (Github Issue and CSSWG Minutes)",True,"{'x': 931.6334838867188, 'y': 1349.8294677734375, 'width': 268.01141357421875, 'height': 142.8267822265625}",main#maincontent > div:nth-of-type(2) > div:nth-of-type(2) > div:nth-of-type(2) > article:nth-of-type(2) > div > p,,,,,True,False,170,2,div
https://css-tricks.com/,content,p,{},A big THANK YOU to Lea Verou for all the years of work in the Technical Architecture Group! The Web is better (and so are we) because of you.,True,"{'x': 931.6334838867188, 'y': 1580.710205078125, 'width': 268.01141357421875, 'height': 114.2613525390625}",main#maincontent > div:nth-of-type(2) > div:nth-of-type(2) > div:nth-of-type(2) > article:nth-of-type(3) > div > p,,,,,True,False,141,1,div
https://css-tricks.com/,content,p,{},,False,,main#maincontent > div:nth-of-type(2) > div:nth-of-type(2) > div:nth-of-type(2) > article:nth-of-type(3) > div > p:nth-of-type(2),,,,,False,False,0,0,div
https://css-tricks.com/,content,p,{},“Waits are a price that developers ask users to pay and loading spinners only buy so much time.” —Alex Russell (permalink),True,"{'x': 931.6334838867188, 'y': 1783.0255126953125, 'width': 268.01141357421875, 'height': 114.2613525390625}",main#maincontent > div:nth-of-type(2) > div:nth-of-type(2) > div:nth-of-type(2) > article:nth-of-type(4) > div > p,,,,,True,False,122,3,div
https://css-tricks.com/,content,li,"{'id': 'menu-item-379211', 'class': 'menu-item menu-item-type-taxonomy menu-item-object-category menu-item-379211'}",ARTICLES,True,"{'x': 418.9772644042969, 'y': 0, 'width': 96.47726440429688, 'height': 54.73011016845703}",li#menu-item-379211,,,menu-item menu-item-type-taxonomy menu-item-object-category menu-item-379211,menu-item-379211,True,False,8,1,ul
https://css-tricks.com/,content,li,"{'id': 'menu-item-379212', 'class': 'menu-item menu-item-type-taxonomy menu-item-object-category menu-item-379212'}",NOTES,True,"{'x': 515.4545288085938, 'y': 0, 'width': 76.26422119140625, 'height': 54.73011016845703}",li#menu-item-379212,,,menu-item menu-item-type-taxonomy menu-item-object-category menu-item-379212,menu-item-379212,True,False,5,1,ul
https://css-tricks.com/,content,li,"{'id': 'menu-item-379154', 'class': 'menu-item menu-item-type-taxonomy menu-item-object-category menu-item-379154'}",LINKS,True,"{'x': 591.71875, 'y': 0, 'width': 69.9715576171875, 'height': 54.73011016845703}",li#menu-item-379154,,,menu-item menu-item-type-taxonomy menu-item-object-category menu-item-379154,menu-item-379154,True,False,5,1,ul
https://css-tricks.com/,content,li,"{'id': 'menu-item-377808', 'class': 'menu-item menu-item-type-custom menu-item-object-custom menu-item-377808'}",GUIDES,True,"{'x': 661.6903076171875, 'y': 0, 'width': 80.29827880859375, 'height': 54.73011016845703}",li#menu-item-377808,,,menu-item menu-item-type-custom menu-item-object-custom menu-item-377808,menu-item-377808,True,False,6,1,ul
https://css-tricks.com/,content,li,"{'id': 'menu-item-377809', 'class': 'menu-item menu-item-type-custom menu-item-object-custom menu-item-377809'}",ALMANAC,True,"{'x': 741.9885864257812, 'y': 0, 'width': 98.49432373046875, 'height': 54.73011016845703}",li#menu-item-377809,,,menu-item menu-item-type-custom menu-item-object-custom menu-item-377809,menu-item-377809,True,False,7,1,ul
https://css-tricks.com/,content,li,"{'id': 'menu-item-382690', 'class': 'menu-item menu-item-type-post_type menu-item-object-page menu-item-382690'}",PICKS,True,"{'x': 840.48291015625, 'y': 0, 'width': 71.97442626953125, 'height': 54.73011016845703}",li#menu-item-382690,,,menu-item menu-item-type-post_type menu-item-object-page menu-item-382690,menu-item-382690,True,False,5,1,ul
https://css-tricks.com/,content,li,"{'id': 'menu-item-379272', 'class': 'menu-item menu-item-type-custom menu-item-object-custom menu-item-379272'}",SHUFFLE,True,"{'x': 912.4573364257812, 'y': 0, 'width': 89.77276611328125, 'height': 54.73011016845703}",li#menu-item-379272,,,menu-item menu-item-type-custom menu-item-object-custom menu-item-379272,menu-item-379272,True,False,7,1,ul
https://css-tricks.com/,content,li,"{'id': 'menu-item-379274', 'class': 'menu-item menu-item-type-custom menu-item-object-custom menu-item-379274'}",About DO,True,"{'x': 47.99715805053711, 'y': 5215.32666015625, 'width': 279.91476821899414, 'height': 28.806640625}",li#menu-item-379274,,,menu-item menu-item-type-custom menu-item-object-custom menu-item-379274,menu-item-379274,True,False,8,1,ul
https://css-tricks.com/,content,li,"{'id': 'menu-item-379275', 'class': 'menu-item menu-item-type-custom menu-item-object-custom menu-item-379275'}",Cloudways,True,"{'x': 47.99715805053711, 'y': 5244.13330078125, 'width': 279.91476821899414, 'height': 28.806640625}",li#menu-item-379275,,,menu-item menu-item-type-custom menu-item-object-custom menu-item-379275,menu-item-379275,True,False,9,1,ul
https://css-tricks.com/,content,li,"{'id': 'menu-item-379276', 'class': 'menu-item menu-item-type-custom menu-item-object-custom menu-item-379276'}",Legal stuff,True,"{'x': 47.99715805053711, 'y': 5272.93994140625, 'width': 279.91476821899414, 'height': 28.80712890625}",li#menu-item-379276,,,menu-item menu-item-type-custom menu-item-object-custom menu-item-379276,menu-item-379276,True,False,11,1,ul
https://css-tricks.com/,content,li,"{'id': 'menu-item-379277', 'class': 'menu-item menu-item-type-custom menu-item-object-custom menu-item-379277'}",Get free credit!,True,"{'x': 47.99715805053711, 'y': 5301.7470703125, 'width': 279.91476821899414, 'height': 28.806640625}",li#menu-item-379277,,,menu-item menu-item-type-custom menu-item-object-custom menu-item-379277,menu-item-379277,True,False,16,1,ul
https://css-tricks.com/,content,li,"{'id': 'menu-item-383182', 'class': 'menu-item menu-item-type-post_type menu-item-object-page menu-item-383182'}",Contact,True,"{'x': 343.90625, 'y': 5215.32666015625, 'width': 279.91473388671875, 'height': 28.806640625}",li#menu-item-383182,,,menu-item menu-item-type-post_type menu-item-object-page menu-item-383182,menu-item-383182,True,False,7,1,ul
https://css-tricks.com/,content,li,"{'id': 'menu-item-383181', 'class': 'menu-item menu-item-type-post_type menu-item-object-page menu-item-383181'}",Write for CSS-Tricks!,True,"{'x': 343.90625, 'y': 5244.13330078125, 'width': 279.91473388671875, 'height': 28.806640625}",li#menu-item-383181,,,menu-item menu-item-type-post_type menu-item-object-page menu-item-383181,menu-item-383181,True,False,21,1,ul
https://css-tricks.com/,content,li,"{'id': 'menu-item-379047', 'class': 'menu-item menu-item-type-post_type menu-item-object-page menu-item-379047'}",Advertise with us,True,"{'x': 343.90625, 'y': 5272.93994140625, 'width': 279.91473388671875, 'height': 28.80712890625}",li#menu-item-379047,,,menu-item menu-item-type-post_type menu-item-object-page menu-item-379047,menu-item-379047,True,False,17,1,ul
https://css-tricks.com/,content,li,"{'id': 'menu-item-379051', 'class': 'menu-item menu-item-type-post_type menu-item-object-page menu-item-379051'}",RSS Feeds,True,"{'x': 639.8153076171875, 'y': 5215.32666015625, 'width': 279.914794921875, 'height': 28.806640625}",li#menu-item-379051,,,menu-item menu-item-type-post_type menu-item-object-page menu-item-379051,menu-item-379051,True,False,9,1,ul
https://css-tricks.com/,content,li,"{'id': 'menu-item-377816', 'class': 'menu-item menu-item-type-custom menu-item-object-custom menu-item-377816'}",CodePen,True,"{'x': 639.8153076171875, 'y': 5244.13330078125, 'width': 279.914794921875, 'height': 28.806640625}",li#menu-item-377816,,,menu-item menu-item-type-custom menu-item-object-custom menu-item-377816,menu-item-377816,True,False,7,1,ul
https://css-tricks.com/,content,li,"{'id': 'menu-item-377813', 'class': 'menu-item menu-item-type-custom menu-item-object-custom menu-item-377813'}",Mastodon,True,"{'x': 639.8153076171875, 'y': 5272.93994140625, 'width': 279.914794921875, 'height': 28.80712890625}",li#menu-item-377813,,,menu-item menu-item-type-custom menu-item-object-custom menu-item-377813,menu-item-377813,True,False,8,1,ul
https://css-tricks.com/,content,li,"{'id': 'menu-item-382192', 'class': 'menu-item menu-item-type-custom menu-item-object-custom menu-item-382192'}",Bluesky,True,"{'x': 639.8153076171875, 'y': 5301.7470703125, 'width': 279.914794921875, 'height': 28.806640625}",li#menu-item-382192,,,menu-item menu-item-type-custom menu-item-object-custom menu-item-382192,menu-item-382192,True,False,7,1,ul
https://css-tricks.com/,interactive,a,"{'role': 'link', 'id': 'icon-id07094709643671882', 'tabindex': '0', 'lang': 'en', 'aria-haspopup': 'dialog', 'aria-label': 'Cookie Preferences, opens a dedicated popup modal window', 'class': 'truste_cursor_pointer'}",,False,"{'x': 1203.6363525390625, 'y': 637.0028076171875, 'width': 40, 'height': 0}",a#icon-id07094709643671882,link,"Cookie Preferences, opens a dedicated popup modal window",truste_cursor_pointer,icon-id07094709643671882,False,False,0,1,div
